ID,User,Time,Rating,Comment,IDRestaurant
29960,Loan Vỏ,28-02-2024 18:22,10,Do an ngon gia rẻ. Minh rất thích quan nay.se la khách hang than.,1623
29961,tranthiet854ta,21-01-2024 12:05,10,Heo quay rất ngon...da giòn...cân đủ...giao hàng rất nhanh...hài lòng với món ăn của shop..nhân viên giao hàng rất chuyên nghiệp...giá phải chăng... Thích: Heo quay miếng,1623
29962,Ẩn Danh,17-01-2024 21:20,10,"Giao hàng nhanh, đóng gói cẩn thận thịt nướng ngon da giòn, dưa bị cũ mong shop để ý hơn Ngon xỉu! Đóng gói tốt Giá phải chăng No căng bụng Thích: Heo quay miếng",1623
29963,baotran.74,6/1/2024 1:31,10,"Hình ảnh mang tính chất nhận xu Đồ ăn ở đây ngon, áp được mã giảm nhiều lắm Ngon xỉu! Đóng gói tốt Giá phải chăng No căng bụng",1623
29964,K Vương Khang,31-12-2023 05:26,2,ít thịt toanf mỡ với da thôi,1623
29965,foodee_v0iwxt5i,12/12/2023 19:21,1,"Heo quay tệ nha, ko giông heo quay, giống kiểu thịt luộc xong chiên lên. Rất khô.",1623
29966,ynnhiphanth265,28-11-2023 15:21,10,Quán làm nước chấm rất vừa miệng! Tuy nhiên thịt quay hơi nhiều mỡ mình lại thích ăn thịt nạt - hình ảnh chỉ mang tính chất nhận xu Đóng gói tốt Giá phải chăng Soap Flower Price From 65.000D,1623
29967,truongkieu1993,15-11-2023 13:56,8,"Trên app đặt là lon mà khi giao là chai nhựa là sao vậy quán,nếu không có CoCa lon thì quán để hình chai nhựa để người ta còn biết,",1623
29968,Anh Dep Trai,14-10-2023 11:57,1,"Quá thất vọng, lần đầu ăn thấy ngon lần sau toàn book lại cho toàn hành vs thịt cũ. thịt có da đc mấy miếng",1623
29969,foodee_sew50qt2,25-09-2023 23:35,6,Ko ngon :))) Thịt ăn tạm thôi k hấp dẫn còn Heo quay bị khô mỡ nhiều nữa,1623
29970,foodee_51yipfj4,19-09-2023 20:37,10,Shop làm đồ nhanh . Vịt ăn cũng tạm được . Nước chấm hơi mặn quá .,1623
29971,Kiimhongg,13-09-2023 20:25,10,Ngonnnnnnnnnnnngfkdajkjfdjbdgkfdukbsegllnvswgg gghryu Ngon xỉu! No căng bụng Đóng gói tốt Giá phải chăng,1623
29972,Thịnh Quang,28-08-2023 01:24,1,"Thịt quay rất khô, mình ăn được mấy miếng là lại phải húp miếng nước, da cứng kinh khủng, ăn cả hộp mới có một miếng giòn mềm duy nhất, nước tương đã ở có mùi *** như để lâu, dưa leo ăn kèm không hiểu là dính lớp dầu gì ở ngoài mà rửa mãi vẫn nhớ nhớt tay. Mong quán sẽ thay đổi cách chế biến thức ăn và cách đóng gói Không vệ sinh/an toàn",1623
29973,Ẩn Danh,14-08-2023 12:46,8,Thịt ngon nha mọi người! Nên thử nha. Theo khẩu vị của mình thì quan nên nêm đậm vị xíu. (Hình ảnh chỉ mang tính chất nhận xu),1623
29974,Ẩn Danh,5/8/2023 9:49,10,Mua vịt quay về nấu phở vịt. Nước chấm đi kèm nấu lên làm nước dùng. Hời ơi quá là ngon lun Ngon xỉu! Thích: Vịt quay mật ong nửa con,1623
29975,anhthuxd123,23-07-2023 16:07,10,đồ ăn ngon nha mọi người gà khá chất lượng luôn ạ mọi ng nên đặt thử nha,1623
29976,Thuỳ Trang,19-07-2023 15:28,8,Hơi mặn,1623
29977,tuongcung,15-07-2023 12:39,10,"Shop rất nhiệt tình, giao hàng thì nhanh, sẽ ủng hộ shop trong thời gian sắp tới cho shop năm sao Top Mo Chi Hay",1623
29978,Ẩn Danh,3/6/2023 21:02,10,mình tưởng 40.000 thì sẽ ít lắm chứ ngoài ra cũng được một hộp như vậy là quá ổn áp cảm ơn shop sẽ ủng hộ lần sau on Ngon xỉu! No căng bụng Đóng gói tốt Giá phải chăng,1623
29979,foodee_xcml346x,17-04-2023 14:14,8,Vịt quay 10đ nhưng vịt k nóng vịt còn 7đ,1623
29980,Ẩn Danh,13-04-2023 11:11,10,"nay vịt quay có kèm hành ngon lắm ạ. Mấy lần trc em đặt ko có hành, mong quán duy trì lần sau có hành nữa ạ Ngon xỉu! No căng bụng Thích: Vịt quay mật ong nửa con Heo quay miếng Lưỡii vit sabo",1623
29981,Phạm Hoàng Nam,5/3/2023 11:31,8,Nướng ngũ vị nhưng rất giống nướng muối ớt mà muối ớt cũng ko ngon. Mqkqoq uksi qmai ndis qkqo dmxk qkwo sksi Không hợp khẩu vị Thích: Bánh mì,1623
29982,Thủy Tyna,28-02-2023 20:01,1,thit quay dở ưua cung ngat da thi mem xèo ko ngon j het,1623
29983,Huệ Hoàng,19-02-2023 15:20,8,"ăn cũng được, hơi có mùi vịt nhẹ. nước chấm hơi lạt. Cứu đói thì ok",1623
29984,Phạm Hoàng Nam,19-02-2023 11:57,8,Muối ớt không ngon nên gà nướng muối ớt cũng ko ngon. Qoan kakqoq ksid ukqo snsi ukso dndid ekso dkdi emwi ksidną sksi Không hợp khẩu vị,1623
29985,Nhân,9/2/2023 18:31,6,"Không giống hình, thịt quay nhiều nạc, ít da, rất ít da giòn nên ăn không đã lắm, không có dưa cải ăn kèm Không giống hình",1623
29986,Hỷ Nhi,25-01-2023 12:41,10,"Ngon nha đã đặc nhiều lần., sẽ mua lại .. mn nên đặc nha ....nhiệt tình *** ớt nữa Ngon xỉu! Đóng gói tốt Giá phải chăng No căng bụng",1623
29987,Ẩn Danh,8/1/2023 17:02,6,Dặn shop ít mỡ chút mà mở hộp toàn mỡ ,1623
29988,Katerina Lee,2/1/2023 21:02,8,Không dặn kỹ quán đưa mỡ nhiều quá!,1623
29989,Vi Mai,29-12-2022 19:08,2,"Thiếu đồ ăn, gọi bị thuê bao không liên lạc được",1623
29990,mmjipv815_,27-12-2022 08:07,10,Gà ngon ăn ghiền nha Ngon xỉu! Đóng gói tốt Giá phải chăng No căng bụng,1623
29991,nguyenlinh15101999,25-12-2022 10:55,10,"giao hàng nhanh, shiper nhiệt tình, bảo quản cẩn thận, đồ ăn ổn",1623
29992,Kim Nguyên,16-12-2022 12:43,1,"Món ăn ở đây siêu tệ, vịt quay chưa thấm, thịt vịt như luộc chứ ko phải quay, có chỗ thì cháy đen, khác xa trên hình. Đặt 500gram mà quán ship 1 lạng, tuy quán hỗ trợ trả tiền lại rồi nhưng vẫn thấy không ngon. Không thấm vị và da heo thì ít. Trải nghiệm rất tệ. Không giống hình Sai/Thiếu món Không hợp khẩu vị Khẩu phần ít",1623
29993,Diễm Sương,28-11-2022 17:55,6,ko nước chấm,1623
29994,Thư thư 1703@,27-11-2022 11:47,8,Hình ảnh mang tính chất lấy xu,1623
29995,chqmk9fzam,13-11-2022 18:05,10,10 Đóng gói tốt Thích: Bánh mì Heo quay miếng,1623
29996,pham hoang oanh,11/11/2022 20:43,10,"Mọi thứ đều ok. Chúc mn cuối tuần vui vẻ và ngủ ngon nhé. Sẽ đặt lại nữa. Lần này đặt ok nhất. câu thần chú là: nhiều da, ít mỡ, thịt ko cháy. Xin cám ơn. Chỉ có điều hơi nguội. Tự làm thêm nước tương tỏi ớt chanh đường nữa. Đúng ngon luôn Ngon xỉu! No căng bụng Đóng gói tốt Giá phải chăng",1623
29997,Thư thư 1703@,6/11/2022 20:25,10,Không đủ 500g . Cân thíu . Nhờ quán hăm nóng lại nhưng quán kh năm,1623
29998,thunguyen293,30-10-2022 13:10,10,Ngon Ngon xỉu! No căng bụng Đóng gói tốt Giá phải chăng,1623
29999,Ẩn Danh,14-10-2022 17:36,8,"Gà cay này cũng tạm, kh cay lắm, gà nướng kh khô. Nhưng là gà nướng sẵn xong hâm lại nên chỉ ấm ấm. Sẽ thử các món khác của tiệm. Thích: Coca cola",1623
30000,Nguyễn Hoàng Anh,9/10/2022 17:58,10,Ảnh nói không với sợ hãi mà không biết nữa man city đã có gì mới tháng đầu năm mới tl lại không có gì mới 6 tâm lý thuyết và thực hiện xịt cồn ở ngoài đời thực hiện xịt cồn ở ngoài đời,1623
30001,Tram Dona,7/10/2022 11:56,4,ảnh minh hoạ. vịt quay da ko giòn lắm. mềm. thịt không thấm gia vị lắm,1623
30002,pham hoang oanh,1/10/2022 17:14,6,"Chỗ thịt hơi cháy, với vẫn nhiều mỡ, ko có nước tương, chỉ có 2 bịch tương ớt. Mùi cháy hơi nặng. Ko bằng lần trước. Chắc tại lần trước mua nhiều với mua sớm ko mua tối Không giống hình",1623
30003,Kiều My,27-09-2022 10:42,8,Không co bánh mì,1623
30004,Vương Thanh,24-09-2022 00:10,10,"Ngon, hinh anh mang tinh nhan xuuuuuuuuuuuuuuuuuuuuuuuuuu",1623
30005,Ẩn Danh,6/9/2022 20:57,10,"Món ăn ngon, đóng gói cẩn thận thức ăn nhiều giá cả hợp lý đánh giá ok Đóng gói tốt Giá phải chăng Ngon xỉu! No căng bụng Thích: Vịt quay mật ong nửa con",1623
30006,pham hoang oanh,4/9/2022 14:19,10,Ăn nhanh quá ko kịp chụp hình luôn. Mà Ngon nha. 200gr hơi dư 1 người ăn xíu mà 2 người ăn thì thiếu. Sẽ mua nữa Thích: Heo quay miếng,1623
30007,Đào Hiển,24-08-2022 12:22,1,"Đặt gà nướng mật ong do quan niêm yết, quán giao gà quay, làm ơn để đúng tên sản phẩm đi Không làm đúng ghi chú",1623
30008,Ẩn Danh,26-07-2022 17:23,4,Làm dở tệ vậy mà cũng bán được tao chịu Không giống hình,1623
30009,sun,6/6/2022 18:49,10,"Giao hàng siêu nhanh,phần nữa con ko có bánh mì huhuhu Thích: Vịt quay mật ong nửa con",1623
30010,Trang Vuong,12/4/2022 14:43,10,Vịt rất ngon.,1623
30011,Đoàn Gia Khánh,16-03-2022 19:56,1,"không ngon, gà thì không có vị gì. bánh mì mềm, đồ *** lạnh mà còn bị thiêu, một đi không trở lại, hzzz",1623
30012,maihien1606,12/3/2022 15:31,4,"Thịt quay quá nhiều mỡ, rất rất nhiều mỡ, được có xíu nạc nhìn thôi đã ngán rồi",1623
30013,Ẩn Danh,26-02-2022 20:24,6,"Heo quay nhiều mỡ, da cũng k giòn, nhưng vừa ăn. Gói đẹp Thích: Bánh mì",1623
30014,Ẩn Danh,20-02-2022 20:31,4,"Heo quay hôi mùi vịt, dưa leo quán ko rửa luôn, ko ngon Không vệ sinh/an toàn Không hợp khẩu vị",1623
30015,Ẩn Danh,12/3/2022 15:31,10,"Dạ sản phẩm ngon, đóng gói cẩn thận, đã mua nhiều lần và rất hài lòng về chất lượng phục vụ Naon vil Đáng nói tốt Giá phải chăng",1623
30016,Ẩn Danh,26-02-2022 20:24,10,"Heo quay nhiều mỡ, da cũng k giòn, nhưng vừa ăn. Gói đẹp Thích: Bánh mì",1623
30017,Ẩn Danh,20-02-2022 20:31,2,"Heo quay hôi mùi vịt, dưa leo quán ko rửa luôn, ko ngon Không vệ sinh/an toàn Không hợp khẩu vị",1623
30018,Ẩn Danh,22-01-2022 19:56,10,"Dạ sản phẩm ngon, đóng gói cẩn thận, đã mua nhiều lần và rất hài lòng về chất lượng phục vụ Ngon xỉu! Đóng gói tốt Giá phải chăng No căng bụng Thích: Vịt quay mật ong nửa con",1623
30019,nguyenlinh15101999,16-01-2022 12:48,10,"Giao hàng nhanh, đóng gói cẩn thận........",1623
30020,Ẩn Danh,26-12-2021 17:44,8,"Mùi thơm lắm mọi người. Heo quay thì hơi dai, hình như heo già hay gì á, cũng không được giòn, gà thì ok lắm nè ון Thích: Gà nướng ngũ vị",1623
30021,Vi,21-12-2021 13:38,10,Ngonnnnnnnnnnnnnnnnnnnnnnnnnnnnnnnnnnnnnn nnnnnnnnnnnn,1623
30022,Thu Ngọc,11/12/2021 20:23,10,"Ngon, nóng, mua mấy lần ra",1623
30023,Ẩn Danh,11/12/2021 13:17,10,Thịt heo quay ngon. Ngon nhất cái phần cải muối á. Nhưng mà phần nước chấm hơi thất vọng. Gói tương ót à @@ Ngon xỉu! No căng bụng Đóng gói tốt Giá phải chăng Thích: Heo quay miếng,1623
30024,Ẩn Danh,8/12/2021 17:40,6,"Bị cháy, nhìn hình với ở ngoài là ok 1 lần và mãi mãi luôn, da heo miếng cứng miếng dẻo nhẹo Không giống hình",1623
30025,Thu Hương,5/12/2021 15:14,4,"Gà nhỏ xí :)) chắc con tầm 1ki quá, gà còn nghe mùi hôi kiểu chưa tới lứa đã làm, quay đi quay lại nhiều lần r khô. Không giống hình Thích: Dưa leo thêm",1623
30026,Ẩn Danh,4/12/2021 7:54,6,"Thịt nguội, hơi nhiều mỡ...",1623
30027,Danhdanh Kỳ,30-11-2021 11:08,10,"Rất ngon, có voucher nên rẻ tài cao Đóng gói tốt Giá phải chăng No căng bụng Thích: Vịt quay mật ong nửa con Bánh mì",1623
30028,nguyennga494,26-11-2021 17:40,8,"Đồ ăn ngon, nước chấm ngon nhiều. nhưng heo quay 40k dk có mấy miếng thôi. Vịt nửa con 190k thì ok. Vẫn tặng shop 5* nhưng mong cải thiện",1623
30029,tuyet.nhi303,19-11-2021 16:47,6,"Da mềm,k có nước chấm thịt khô nói chụg là chán........ Không giống hình",1623
30030,Bliss,17-11-2021 12:39,4,"Thịt heo quay nhiều mỡ, còn dầu rất nhiều, giống chiên lại, có nhiều chỗ cháy đen. @@ giá cao hơn mặt bằng chung ở bình dương nhưng chất lượng theo không kịp giá. 10 thì hết 7 như trong hình. Không hợp khẩu vị",1623
30031,Nguyên Nhỏ,7/11/2021 18:02,4,Nước chấm vịt quay đầu а ko có nước chấm sao mà ăn a • Sai/Thiếu món,1623
30032,Sang Đỗ,18-10-2021 18:49,4,"Vịt hơi khô, ko có đồ *** đi kèm. không ngon lắm.",1623
30033,Ẩn Danh,11/10/2021 12:05,10,"Đóng gói tốt, ngon, đã mua 2 lần và cảm thấy rất hài lòng. Có cơ hội sẽ tiếp tục ủng hộ Đóng gói tốt Giá phải chăng Ngon xỉu! No căng bụng Thích: Vịt quay mật ong nguyên con",1623
30034,Nguyễn thị phương Thu,10/10/2021 17:13,4,"Có vẻ như cũ hơi nhớt, đem đi kho nước tương có chừa lại 4,5 cục ăn bánh mì, ăn xong bị đau bụng, dưa chuột thì k rửa luôn, đất không ! Hazi",1623
30035,suka1987,6/10/2021 16:27,10,Giao hàng nhanh chóng chất lượng ổn so với mức giá sẽ ủng hộ lần sau,1623
30036,Ẩn Danh,5/10/2021 18:42,10,Món ngonnnnnnnnn Đóng gói tốt Giá phải chăng Thích: Bánh mì Gà nướng cay tóe lửa - 1 con,1623
30037,tinhtrucloc,4/10/2021 10:13,10,Ngon Ngon xỉu! Đóng gói tốt No căng bụng,1623
30038,Ẩn Danh,3/10/2021 11:27,8,"Giá phải chăng Gà ăn được, không nóng (rất rất nguội) nhưng thịt vẫn tươi. Cũng OK",1623
30039,Ẩn Danh,29-09-2021 18:54,8,Gà chưa cay lắm.... Quán chi nhanhhhh. Sẽ ủng hộ lạiiiiiiiii Đóng gói tốt Giá phải chăng No căng bụng Thích: Dưa leo thêm Bánh mì Gà nướng cay tóe lửa - 1 con,1623
30040,Anh Thư,21-09-2021 16:03,4,Phần gà khá khô nhìn k biết gà hay vịt,1623
30041,Nhàn,21-09-2021 10:15,4,hơi nguội,1623
30042,Quyên Bảo,6/8/2021 21:19,1,"Gà cũng ko hâm nóng lại, ăn thì mùi vịt hơn mùi gà trong khi đặt nguyên con gà, gà thì còn lông không, bán đã mắc hơn ngày thường rồi mà làm thì dở tệ hại. Không vệ sinh/an toàn",1623
30043,Hiếu Nguyễn,29-07-2021 14:51,6,Vịt không được nóng,1623
30044,Ngọc Quỳnh,22-07-2021 15:10,10,Dịch nhưng quán vẫn bán . Mua nhiều lần ở đây rồi . Nchung ngon lắm ạ Ngon xỉu! No căng bụng Đóng gói tốt Giá phải chăng,1623
30045,Hải Nhók,22-07-2021 14:51,1,Đặc gà nướg giao gà quây,1623
30046,Ẩn Danh,17-07-2021 16:46,4,"Ngon, ướp vừa ăn, thịt nướng không khô, nhưng cho muối chấm cùng không ngon",1623
30047,Ẩn Danh,13-07-2021 18:19,10,"Đóng gói khá tốt, nhưng mà chỉ có ít dưa leo ăn kèm, nếu có thêm đồ *** thì sẽ hài lòng hơn",1623
30048,Yếnn Tiểuu,10/7/2021 6:49,6,Vịt nay hơi nhỏ,1623
30049,Ẩn Danh,30-06-2021 21:04,10,"Vịt vị đậm đà, nước chấm ngon, nhiều nấm mèo ăn đỡ ngán, ăn chung với bánh mì ăn ngon Ngon xỉu! Đóng gói tốt Giá phải chăng",1623
30050,Cdfv Merl7,25-02-2020 19:47,1,"Có nhiều chi nhánh nhưng chi nhánh này cực kỳ dỡ. Nhân viên không thân thiện, đồ ăn rất rất tệ. Cực kì nuốt không nổi. Chi nhánh khác thì ok Đóng gói chưa tốt Không vệ sinh/an toàn",1623
30051,Út Lêê,25-12-2019 10:54,1,"Thịt lạnh ngắt, chưa chín còn đỏ lòm máu, k ăn được Sai/Thiếu món",1623
30052,Bình Lê,24-12-2019 21:04,1,Món giao tới nguội lạnh như được để từ lâu!,1623
30053,HuyKun,17-12-2019 20:18,2,"Nướng gà không kỹ, tẩm ướp không đậm đà, ăn nhạt nhẽo.",1623
30054,maitram_24,9/12/2019 18:03,6,Vị đậm quá ướp nhạt lại xíu là ok,1623
30055,Sang,9/12/2019 7:38,4,Đặt bánh mì nhưng ko có hay sao cũng ko báo. Và vẫn thu tiền bánh mì. Gà khá nhiều dầu Sai/Thiếu món,1623
30056,Ngọc Nguyễn,4/12/2019 13:45,8,Nếu có muối ớt xanh thì hợp hơn,1623
30057,anhsang63,29-11-2019 15:56,10,tốt,1623
30058,Nguyen Thi My Phuong,9/3/2024 13:18,8,Quán quên nêm đường hay sao mà mắm nêm vừa mặn vừa *** huhu Không hợp khẩu vị,1624
30059,Thương Hoài,9/3/2024 11:44,10,Ngon lắm mọi người ơi nên mua rẻ ngon cực kỳ nên mua nha mọi người,1624
30060,ductrungtran2504,8/3/2024 16:48,10,OK ok ok nhe Gói nhanh giao nhanh đúng yêu câu fminh Shipper lịch sự Ngon xỉu!,1624
30061,ductrungtran2504,7/3/2024 12:17,10,Oke vừa miệng Shipper giao nhanh lịch sự Àm kaoxbsokfbskfn skal Ngon xỉu!,1624
30062,foodee_ezvsxv7h,4/3/2024 17:24,10,Giao hàng nhanh! Món ngon...mà bạn nói chứ không đc trải nghiệm thực tế. Thích: Bún Thịt Nướng Sữa gạo lứt,1624
30063,Ẩn Danh,4/3/2024 10:19,10,Giao hàng nhanh chóng Đồ ăn ngon sạch sẽ Ăn đủ no Nhưng mà hơi thiếu ớt để riêng Đóng gói tốt No căng bụng,1624
30064,Ẩn Danh,3/3/2024 13:01,8,"Giao hàng nhanh, đầy đủ. Chất lượng ok Hình ảnh chỉ mang tính chất nhận xu",1624
30065,Megane Bibi,29-02-2024 11:54,10,Okkkkkkkkkkkkkkkkk.... Thích: Bún Nem Nướng Bánh Bột Lọc Huế Nem Nướng thêm,1624
30066,Ẩn Danh,27-02-2024 19:29,10,"Đồ ăn rẻ mà ngon lắm luôn, mình tui ăn hết một phần bún với một phần nem luôn í Ngon xỉu! No căng bụng Đóng gói tốt Giá phải chăng",1624
30067,Hỳ Ngdph,26-02-2024 18:05,8,"size hộp so với khổ giấy A4 nha, topping ngon, thịt nướng thơm vừa vị, phần chiên không bị hôi dầu cũng không bị ngấy dầu đâu, đóng gói sạch sẽ. Mỗi tội một khẩu phần hơi ít, không ăn no được đâu, ăn chơi thì được nhé. Rất đáng thử 2024/2/2",1624
30068,Ẩn Danh,25-02-2024 13:47,10,Ngon giá cả phải chăng đã mua ở đây nhiều lần. No căng ăn không hết kkkkk Ngon xỉu! Đóng gói tốt No căng bụng Thích: Bánh hỏi thịt nướng,1624
30069,foodee_4uwn56uc,24-02-2024 16:12,1,Rửa rau không sạch còn dơ có sâu còn sống,1624
30070,Nguyễn Thị Thùy Dương,24-02-2024 09:49,10,Thịt nhiều xĩu nhưng mà mình mua bánh hỏi với bún thịt nướng dặn mỗi bánh hỏi là kh cay nhưng quán lại nhầm bỏ cho mình cả 2 bịch nước mắm kh cay luôn nhà đúng lúc hết ớt nữa mới ác chớ Ngon xỉu! Đóng gói tốt Thích: Bún Thịt Nướng Bánh hỏi thịt nướng,1624
30071,Anh Tuan,23-02-2024 22:07,10,"Giao nhanh, đúng giờ. Đóng gói cẩn thận sạch sẽ bún ngon. Sẽ ủng hộ lần sau a kkkkkkkkkkkkkkkkkkkkkkk kkkkkkookokkkkkkokkkokkokkkkmkkmokk Giá phải chăng",1624
30072,Hồng Thu,22-02-2024 11:53,10,Ngon xỉu Đóng gói tốt No căng bụng Giá phải chăngg9999999999 Ngon xỉu! Đóng gói tốt Giá phải chăng No căng bụng,1624
30073,Ẩn Danh,20-02-2024 09:20,10,Ngon jdjhdbdbdbd dhdjeoenbebe dhdjjdjhhhhbbvbbhjijhbbbbj,1624
30074,Quốc Việt,6/2/2024 13:11,10,"Thấy tính cho 4 sao mà thôi cũng k tới nỗi nào, chỉ là hơi ít chút.. ăn xong đói tiếp..",1624
30075,Hồng Thu,5/2/2024 11:43,10,Ngon xỉu Đóng gói tốt No căng bụng Giá phải chăng Đóng gói tốt Ngon xỉu! No căng bụng Giá phải chăng,1624
30076,Thu Giang,4/2/2024 10:24,10,"Mình ăn mặn nên thấy nước mắm hơi nhạt Còn lại thì ổn dễ ăn Cơ mà mình đặt có 1 phần bún nhưng lại nhận do như hình có 1 phần nưme *** thêm 1 bún thêm k pk quán có nhầm hay ship nhầm gì k ak Thích: Bún đặc biệt(thịt nướng,nem nướng,bò lá lốt)",1624
30077,Linh Thảo,3/2/2024 11:52,10,"Cuốn ngon nha mọi người, sạch sẽ. Nước chấm vừa ăn. Tài xế giao hàng nhanh.",1624
30078,duyenstellar25,2/2/2024 0:04,10,ngon tuyệt vời,1624
30079,phuonganhpham.92,31-01-2024 21:59,10,Hình ảnh mang tc nhận xu. Nem ngon. Giao hàng nhanh. Đồ ăn nhiều,1624
30080,Ẩn Danh,28-01-2024 13:35,6,"nhìn không nhiều lắm so với phần ăn tren hình huhu Không giống hình Thích: Bún thập cẩm nem nướng, thịt nướng Nem Nướng Ninh Hòa Nha Trang (Tặng Kèm Bún Và Dụng C...",1624
30081,Thắm,28-01-2024 10:40,4,đặt bánh hỏi mà lại đi giao bún thịt nướng..đặt ko đậu phộng mà để đậu phộng đầy luôn. Sai/Thiếu món Không làm đúng ghi chú,1624
30082,Truong Chinh,26-01-2024 21:52,10,"Giá cả phải chăng, làm đồ ăn rất nhanh, giao hàng cũng nhanh. Rất ngon Thích: Bánh hỏi - thịt nướng cuốn bánh tráng Nem Nướng Ninh Hòa Nha Trang (Tặng Kèm Bún Và Dụng C...",1624
30083,Ẩn Danh,24-01-2024 10:19,8,Cũng được ccссссссссссссс ссссссссссссссс CCCCCCCCCcccccc ccccccccccccccc cccccccCCCCCCCC,1624
30084,Ẩn Danh,23-01-2024 13:15,6,"Không cho đũa, không cho ớt, quán hay quên để ớt cho mình mấy lần rồi",1624
30085,Cả Mợ,23-01-2024 12:44,10,ngon nha ăn nhiều lần ở đây rồi vừa vi chuan vi mien trung luon nha sẽ quay lại,1624
30086,Hi Võ,20-01-2024 12:27,8,"Ăn cũng ổn, nhưng nhờ quán cho thêm trái ớt hoặc ớt thêm ạ",1624
30087,Ẩn Danh,17-01-2024 09:46,10,Ngon bdhdubdbdbdbdbdb dhdhhdjdjdjdbbdbd bdhdbdbdbvvvvv Thích: Bún Nem Nướng,1624
30088,Le Nhung,15-01-2024 20:06,10,trên cả tuyệt vời,1624
30089,quocbao123_123,15-01-2024 16:29,10,"Đồ ăn ngon, giá cả hợp lí săn được hai que nem nướng 1đ ăn tạm được, đóng gói gọn gàng sạch sẽ. Hình ảnh tượng trưng thôi tại quên chụp Ngon xỉu!",1624
30090,vanessanelson,14-01-2024 20:30,10,Nem nướng quán ni ngon nha mnnnnnnnnnnnnnnnnnnnnnnnnnnnn Ngon xỉu! No căng bụng Đóng gói tốt Giá phải chăng,1624
30091,Ẩn Danh,14-01-2024 19:39,10,Ngon dhdhbdhdhdhdhbdbd dhdbjdjdjdbbdbdjdjdb,1624
30092,Trương Thị Mỹ Duyên,14-01-2024 19:30,10,Ngonnnnnnnnn~~~~~~~~~~~~~~~~~~~~~~~~nnnnn nnnnnnnnn Ngon xỉu!,1624
30093,nhuthiu,14-01-2024 12:28,10,"Thích: Bún thập cẩm nem nướng, thịt nướng Bún Nem Nướng",1624
30094,Pé Moon,13-01-2024 08:52,8,Mọi thứ đều ổn.toping nhiều.ăn no.chỉ nước mắm đầm đà xíu nữa là ngon hơn.nước mắm khá nhạt Thích: Bún chả ram hải sản . Nước sâm bông cúc mát lạnh Bánh hỏi đặc biệt,1624
30095,nguyenanhduong28,10/1/2024 11:34,10,"Ăn khá ngon và hợp ý, đóng gói rất sạch sẽ, số lượng đồ ăn khá ổn, nên ăn Đóng gói tốt No căng bụng Ngon xỉu! Thích: Bún thập cẩm nem nướng, thịt nướng",1624
30096,ixa7mhzutx,9/1/2024 21:30,6,"Mắm nêm hôm này rất chưa,như *** thêm chánh vào vây.. lần trước thầy ngon.lần này ăn nước chấm làm đỡ đi hết món an",1624
30097,Tâm Mộc,9/1/2024 8:50,10,"Hình thức: hộp sạch sẽ, gọn gàng Chất lượng: nêm nếm vừa phải, nước chấm ngon. Ngon xỉu! Đóng gói tốt Giá phải chăng",1624
30098,Ẩn Danh,6/1/2024 14:06,1,Lần nào ăn đậu cũng hôi dầu mất ngon,1624
30099,ppsoftware.vn,4/1/2024 17:01,10,"Bun thit nuong, nem nuong, bo nuong ngon Bun mam niem tai heo ngon Banh trang gion Dong goi can than",1624
30100,Ẩn Danh,1/1/2024 20:11,6,"ăn tạm được, không ngon lắm, nước mắm hơi mặn chứ không ngọt, m",1624
30101,phuonggggg00,31-12-2023 14:23,10,Ngon xỉu! No căng bụng Đóng gói tốt,1624
30102,Thao Vo,30-12-2023 08:48,1,Quá mắc so với chất lượng 39k,1624
30103,Ẩn Danh,27-12-2023 17:51,10,"Hài lòng về sản phẩm dịch vụ của quán, đóng gói cẩn thận, đầy đủ ",1624
30104,foodee_6mzai8e6,27-12-2023 14:31,10,Okokokokokokokokokokokokokokokok omokokomomomomookkok tiết canh ngon,1624
30105,Mia,26-12-2023 12:59,10,Tưởng hộp bự,1624
30106,foodee_a13be7e2,26-12-2023 00:50,10,"Cá nhân mình thấy ngon nha,vừa ăn luôn, thịt nhìu, nói chung là ok a Hình ảnh mang tính chất nhận xu Ngon xỉu!",1624
30107,Ẩn Danh,17-11-2023 18:27,10,"ăn ở đây nhiều lần rồi, ngon lắm luôn. Quán chuẩn bị đồ ăn siêu siêu anh Ngon xỉu! Đóng gói tốt Giá phải chăng No căng bụng",1624
30108,jane137,17-11-2023 09:37,8,"Bún nhiều tưởng ăn ko hết nhưng cuối cùng lại vẫn hết. Bánh ngon, thơm mùi lá chuối, dẻo,",1624
30109,khánh linh,15-11-2023 13:18,8,"Ăn cũng bth, tạm ổn à, sạch sẽ. Đóng gói tốt. Bánh bột lọc giao đến còn nóng hổi Bún Nem Nướng",1624
30110,mei,14-11-2023 12:02,8,Ngon nhưg thêm bún nữa sẽ no hơn hihi,1624
30111,Ẩn Danh,14-11-2023 11:53,10,"Ngonnnnnnnnnn---------------------------n nnnnnnnnnnn Thích: Bún đặc biệt(thịt nướng,nem nướng,bò lá lốt)",1624
30112,Hồng Thu,11/11/2023 11:08,10,Ngon xỉu Đóng gói tốt No căng bụng Giá phải chăng99999999999 Ngon xỉu! Đóng gói tốt Giá phải chăng No căng bụng,1624
30113,Ẩn Danh,11/11/2023 9:36,6,"Bánh ăn ngon giao hàng nhanh còn nóng hổi, nhưng quán cho nước mắm ít quá k đủ chấm Thích: Cặp Đôi Hoàn Hảo Bánh Bột Lọc Huế",1624
30114,foodee_q6h9nw7t,10/11/2023 14:19,6,"Nước mắm ngọt quá mình ăn thấy k hợp, bánh dẻo nói chung ăn cũng ok",1624
30115,Phương Nguyễn,10/11/2023 11:28,10,Huhu vẫn ngon như ngày nào nay ăn thử bún thịt thấy cũng OK á hihi Đóng gói tốt Bún Nem Nướng,1624
30116,Hạnh Vũ,9/11/2023 12:04,4,"Quá mắc! 55k phần dc 3 cay nem, 6c bánh tráng chiên ỉu dai nhách, quá mắc Không giống hình Khẩu phần ít Thích: Nước sâm bông cúc mát lạnh",1624
30117,clara_lyn123,7/11/2023 16:08,10,"Rau còn lành lạnh cũng còn khá tươi, sốt vẫn còn ấm nóng luôn á ăn ngon lém - Bún mắm nêm ăn cũng đc lắm Ngon xỉu! Đóng gói tốt Giá phải chăng No căng bụng Thích: Bún mắm nêm đặc biệt Nem Nướng Ninh Hòa Nha Trang (Tặng Kèm Bún Và Dụng C...",1624
30118,Nguyễn Tiên,7/11/2023 12:35,8,Ngon nhưng ít rau quá,1624
30119,Ẩn Danh,7/11/2023 9:59,10,"Một phần rất nhiều luôn, tham lam gọi thêm bánh bột lọc nữa ăn s hết đây ta Thích: Nước nha đam giải nhiệt mát lạnh Bún Thịt Nướng",1624
30120,Ẩn Danh,5/11/2023 20:16,10,"Vẫn ngon như ngày nào, ăn ngon lắm ạ, chuẩn bị nhanh Nhức cái lách Ngon xỉu! No căng bụng Đóng gói tốt Giá phải chăng Thích: Bún Thịt Nướng",1624
30121,Thao,5/11/2023 19:15,6,"đậu phộng hơi ra dầu nên có mùi quán kiểm tra lại nha, còn lại rất ngon Ngon xỉu! Đóng gói tốt Giá phải chăng No căng bụng Thích: Bún đặc biệt(thịt nướng,nem nướng,bò lá lốt)",1624
30122,Gia Linh,5/11/2023 11:06,10,ăn ngon giá hợp lý ủng hộ shop tuần sau cảm ơn shop ship rất nhanh,1624
30123,Ẩn Danh,3/11/2023 11:31,10,"Hình ảnh chỉ mang tính chất nhận xu... Ngon xỉu! Đóng gói tốt Giá phải chăng No căng bụng Quán đóng gói sạch sẽ, ship nhanh. Chả ram và bánh rất ngon, nóng hổi. Rau cho nhiều, sạch sẽ. Sẽ ủng hộ thêm. Tks quán! Thích: Chả ram ( chả giò ) hải sản Tặng Kèm Bún Và Dụng Cụ Ăn U...",1624
30124,Ẩn Danh,31-10-2023 19:23,10,Ngonnnnnnnnn--------------------------nnn nnnnnnnnn,1624
30125,1931trang,31-10-2023 11:58,1,55k mà ddC its quá giao tới cứ ngỡ là nhầm k luôn Á mn nhưng ddC cái nhìn sạch sẽ OK Khẩu phần ít,1624
30126,Ẩn Danh,29-10-2023 09:59,10,"Ngon . Se mua ung ho la.m sau .. giao hang nhanh chong, đúng giờ, ngon Đóng gói tốt",1624
30127,hồng loan,27-10-2023 14:41,10,"Nhiều thịt lắm nha, vừa ăn, ngon lắm nên thử nha mn Ngon xỉu!",1624
30128,Nhật Ý,24-10-2023 18:04,10,đồ ăn ở đây mình đặt chắc chục lần r ăn no quá tr no ngon lắm lun ái tr oi Thích: Bún Thịt Nướng Cặp Đôi Hoàn Hảo Bánh hỏi thịt nướng,1624
30129,Phương Nguyễn,24-10-2023 11:20,6,Không dám chê vì có gì đâu mà chế nói chung là hay sale nên săn và ăn No căng bụng,1624
30130,foodee_55tf0xg6,23-10-2023 18:19,8,"Ngon, nhưng hơi mặn khi giao tới còn nóng, chuẩn bị ok, sẽ ủng hộ lần sau",1624
30131,liennguyen2965,18-10-2023 20:39,10,"Giao hàng nhanh, đồ ăn ngon, đóng gói tỉ mỉ sạch sẽ, ăn ở đây mấy lần đều thấy ok",1624
30132,Mia,26-12-2023 12:59,1,Tưởng hộp bự,1624
30133,foodee_a13be7e2,26-12-2023 00:50,10,"Cá nhân mình thấy ngon nha,vừa ăn luôn, thịt nhìu, nói chung là ok a Hình ảnh mang tính chất nhận xu Ngon xỉu!",1624
30134,Ẩn Danh,25-12-2023 13:33,10,Ngon kajshebsbkzlalalskdbjsjhanaakkakanannabshzj snsbsbsb Thích: Nem Nướng Ninh Hòa Nha Trang (Tặng Kèm Bún Và Dụng C... ,1624
30135,Ẩn Danh,25-12-2023 08:00,10,H uhhbvthttgtggygvhgbgbgnjnjnjjnjnjnjnnjunubybyby uub No căng bụng Thích: Bún Nem Nướng Bún Thịt Nướng,1624
30136,Ẩn Danh,23-12-2023 15:13,10,Đóng gói tốt,1624
30137,J C Jonny,17-12-2023 11:14,1,*** Dont waste money Đóng gói chưa tốt Không vệ sinh/an toàn Không giống hình Sai/Thiếu món Hết món Không hợp khẩu vị Khẩu phần ít Không làm đúng ghi chú,1624
30138,Nhật Hoa,15-12-2023 11:42,10,Đồ ăn ngon nha.. nước chấm vừa miệng dùng chung rất hợp..có tai heo hơi cứng nha.. đóng gói sạch sẽ lắm nè Ngon xỉu! Đóng gói tốt Thích: Mẹt Uyên ương Tặng Kèm Bún Và Dụng Cụ Ăn Uống Cặp Đôi Hoàn Hảo Bánh hỏi - thịt nướng cuốn bánh tráng,1624
30139,Ngọc,15-12-2023 11:06,10,Ngon đã đặt nhiều lần . Hình ảnh không liên quan chỉ mang tính chất nhận xu NƯỚC UỐNG ON KIỀM Osawa,1624
30140,Ẩn Danh,13-12-2023 11:54,10,Bún thịt nướng nhon thịt nhiều lúc nào cũng làm đúng như yêu cầu . Sẽ ủng hộ shop mãi mãi Ngon xỉu! Đóng gói tốt Giá phải chăng No căng bụng Thích: Bún Thịt Nướng Cặp Đôi Hoàn Hảo,1624
30141,tramy060205,12/12/2023 19:03,10,"Phần bún thịt nướng 39k mà quá trời thịt luôn, ăn nó căng, sẽ quay lại ủng hội tiếp IN MY HEART- Thích: Bún Thịt Nướng Cặp Đôi Hoàn Hảo",1624
30142,Ẩn Danh,12/12/2023 13:20,10,"Ngon nha, mà hơi ít xíu. Cơ mà săn 1k nên z cũng đc 10 điểm nha A",1624
30143,Kim Ngan,9/12/2023 15:13,4,"bún mắm nêm ko ngon, quán ko để ý ghi chú, chỉ được bánh bột lọc là ổn Thích: Bánh Bột Lọc Huế",1624
30144,jane137,7/12/2023 22:03,10,Abcdefghijklmnopqrstwxyz 123456789101112131415161718,1624
30145,Ẩn Danh,7/12/2023 13:05,10,Bubis bì nò nicnofnofondnidkbsibecibebcbeibxribxirhidrhirdihr Đóng gói tốt Giá phải chăng No căng bụng Thích: Bún Thịt Nướng,1624
30146,Như Nguyễn,6/12/2023 12:45,1,Bún thịt nướng ko để nước mắm lấy gò mà ăn...?,1624
30147,hirarihiii,4/12/2023 12:03,10,"Nem nướng ngon lắm nha mọi người, mình có đặt thêm bánh bột lọc ở đây cũng ngon lắm. Rất vừa ý, ăn ở đây cũng nhiều rồi",1624
30148,kieuhankute,4/12/2023 7:49,10,"Đồ ăn ngon, đóng hộp đẹp mắt",1624
30149,Lưu Ngọc Mỹ,1/12/2023 11:57,10,"Ăn hợp vị lắm luôn,ăn ở quán mấy lần rồi lần nào cũng ưng áaa Ngon xỉu! No căng bụng Đóng gói tốt Giá phải chăng Thích: Nước nha đam giải nhiệt mát lạnh Bún Nem Nướng",1624
30150,Ẩn Danh,30-11-2023 08:47,1,"Ko làm đúng ghi chú nhiều lần r, nhưng t bỏ qua, đây thái độ vs shipper luôn ấy, quán làm ăn đoé chiều khách đã v còn ko tôn trọng người giao hàng, lần cuối ăn :))) bán đồ ăn thì binh thường chứ chả ngon lắm mà cứ trịch thượng thì coi chừng khách chạy đi hết :))) Không làm đúng ghi chú",1624
30151,Phương Nguyễn,28-11-2023 10:57,10,Người kén ăn như toại còn ăn ngon được thì huống chi các *** kkk Đóng gói tốt,1624
30152,Vy Trúc,27-11-2023 12:29,10,"Thịt ướp ngon, đậm đà, nhưng nước mắm thêm ớt tỏi vào cùng, pha đậm tí nữa sẽ ngon hơn ạ",1624
30153,Bình Chung,21-11-2023 14:30,10,"Rất ngon. Quán đóng gói sạch sẽ, rau nhiều, chả còn nóng hổi. Sẽ ủng hộ thêm. Hình ảnh chụp đại mang tính chất nhận xu. Thích: Chả ram ( chả giò ) hải sản Tặng Kèm Bún Và Dụng Cụ Ăn U... Nem Nướng thêm",1624
30154,Ẩn Danh,21-11-2023 10:06,1,quá mắc chai nước có giá 17k ko thể tin được,1624
30155,Ẩn Danh,17-11-2023 18:27,10,"ăn ở đây nhiều lần rồi, ngon lắm luôn. Quán chuẩn bị đồ ăn siêu siêu anh Ngon xỉu! Đóng gói tốt Giá phải chăng No căng bụng",1624
30156,jane137,17-11-2023 09:37,10,"Bún nhiều tưởng ăn ko hết nhưng cuối cùng lại vẫn hết. Bánh ngon, thơm mùi lá chuối, dẻo,",1624
30157,khánh linh,24-10-2023 11:20,6,"Ăn cũng bth tam ẩn ở manh xã Dán, nói tốt Bánh",1624
30158,foodee_55tf0xg6,23-10-2023 18:19,8,"Ngon, nhưng hơi mặn khi giao tới còn nóng, chuẩn bị ok, sẽ ủng hộ lần sau",1624
30159,liennguyen2965,18-10-2023 20:39,10,"Giao hàng nhanh, đồ ăn ngon, đóng gói tỉ mỉ sạch sẽ, ăn ở đây mấy lần đều thấy ok",1624
30160,Ẩn Danh,18-10-2023 13:24,10,"Quán giao hàng nhanh, đóng gói sạch sẽ, sẽ quay lại ủng hộ quán lần sau",1624
30161,Ẩn Danh,18-10-2023 12:13,6,"Cho ít mắm quá quán ơi, mình ăn đây cũng nhiều lần rồi, đồ ăn khá ngon.",1624
30162,Nhật Ý,15-10-2023 19:09,10,đồ ăn bên quán lúc nào cũng ngon hết mình đặt thử cả 2 chi nhánh chất lượng đều ổn định hết,1624
30163,foodyuser_56e890ec,15-10-2023 09:51,10,Món ngon giao nhanh va rat chin chu chat luong tot dong goi can than nua,1624
30164,Tú Huỳnh Khả,14-10-2023 10:55,10,Mì ăn dặm mug hàng chuẩn nội địa nhật bản date xa đúng mẫu giá phải căng ahipper giao hàng nhanh shipeer thân thiện Ngon xỉu! No căng bụng Đóng gói tốt Giá phải chăng Thích: Tai heo cuốn bánh tráng,1624
30165,tramocphan,13-10-2023 11:18,6,"Tập 100 ngàn hạng mục chỉ định thôi súhdbbdbdjej, tạm woik ok bình thường",1624
30166,foodee_zhwr3g4p,12/10/2023 19:07,10,Nc mắm hog ngon lắm,1624
30167,Trần Thảo,12/10/2023 12:23,10,"Ngon, ăn hết trơn rùi hhhhhhhhhhhhhhhhhhhhhhhhhhhhhhhhh",1624
30168,Votan2205,12/10/2023 10:43,1,"Không ngon, nem có mùi dầu mỡ lâu ngày. Bò lá lốt thì ok. Không giống hình Không hợp khẩu vị",1624
30169,Như Nguyễn,11/10/2023 9:26,10,Shop giao hàng nhanh lại có code giảm giá. Đồ ăn như hình. Sẽ mua lại. Ngon xỉu! No căng bụng Đóng gói tốt Giá phải chăng Thích: Bánh hỏi thịt nướng,1624
30170,Nghiem Nguyen,9/10/2023 12:10,6,"E có ghi chú mắm nêm nhưng Ko có mắm nêm an không ngon được, chứ đồ an thì rất OK nhé",1624
30171,Nhật Ý,30-09-2023 11:40,10,đồ ăn rất ngon nha mngg em ăn 2 ngày liên tiếp vẫn rất ổn mng nên mua thử Thích: Cặp Đôi Hoàn Hảo Bánh hỏi thịt nướng,1624
30172,Nhật Ý,29-09-2023 11:10,10,giao hàng nhanh đồ ăn cũng ổn nên cho shop 5 sao nhenn shop oiii Thích: Cặp Đôi Hoàn Hảo Bánh hỏi thịt nướng,1624
30173,Ẩn Danh,28-09-2023 11:05,1,Bánh nhão nhẹt à. mà còn nhỏ xíu nữa. nước mắm thì nhạt tẹt trắng nhách. chê. Không giống hình,1624
30174,Ẩn Danh,27-09-2023 12:37,10,"Hình ảnh chỉ mang tính chất minh hoạ tại quên chụp ảnh lại nhưng đã đặt 2 lần rồi, đồ ăn ngon lắm nha, bún nem nướng cũng ngon Thích: Nem Nướng Ninh Hòa Nha Trang (Tặng Kèm Bún Và Dụng C...",1624
30175,Ẩn Danh,23-09-2023 12:00,10,"Giao hàng nhanh, đồ ăn ổn nhưng nước chấm không ngon lắm...... Thích: Mẹt Uyên ương Tặng Kèm Bún Và Dụng Cụ Ăn Uống",1624
30176,Ngọc Thảo,20-09-2023 15:19,10,ngon quá Ngon xỉu!,1624
30177,vy,16-09-2023 12:54,10,Rất giống vị một quán nổi tiếng ở Sài Gòn,1624
30178,n_quynhn,15-09-2023 12:20,10,thịt rất vừa miệng ngon hình ảnh chỉ mang tính chất nhạn xu thôi ạ Ngon xỉu! No căng bụng,1624
30179,Ẩn Danh,14-09-2023 17:44,6,Do an ngon... ma it nước mắm quá ăn không đủ... giao nhanh.. hop ve sinh,1624
30180,vhduyen04,13-09-2023 09:53,6,"Ngon lắm á nhưng mà hơi lạt chawc tại quán không bỏ cay nè, nch là ngon nha No căng bụng",1624
30181,Xitrum Lùng,12/9/2023 13:30,10,"Đã theo quán này lâu r, đồ ăn rất ngon và hợp khẩu vị! Nay quán đã cải thiện hộp đựng nhìn rất sạch sẽ và gọn gàng! Thích: Ram Giòn Thêm Nem Nướng Ninh Hòa Nha Trang (Tặng Kèm Bún Và Dụng C...",1624
30182,deo737en8l,11/9/2023 11:25,10,Bún thịt nướng và bánh bột lọc ngon lắm ạ! Uống kèm chai sữa hạt sen nữa! Mãi đỉnh luôn,1624
30183,Thùy Phương,11/9/2023 11:04,10,Đồ ăn ngon số zách Ăn nhiều lần không chán luônnn Mãi mê mãi keo dịu êmm Ngon xỉu! Đóng gói tốt Giá phải chăng No căng bụng,1624
30184,liennguyen2965,5/9/2023 9:56,8,"Ngon, đóng gói sạch sẽ gọn gàng, rau dưa cho đầy đủ, mình góp ý một chút về nước mắm là nên một chút chứ ngọt quá",1624
30185,foodee_55tf0xg6,23-10-2023 18:19,6,"Ngon, nhưng hơi mặn khi giao tới còn nóng, chuẩn bị ok, sẽ ủng hộ lần sau",1624
30186,liennguyen2965,18-10-2023 20:39,10,"Giao hàng nhanh, đồ ăn ngon, đóng gói tỉ mỉ sạch sẽ, ăn ở đây mấy lần đều thấy ok",1624
30187,Ẩn Danh,18-10-2023 13:24,10,"Quán giao hàng nhanh, đóng gói sạch sẽ, sẽ quay lại ủng hộ quán lần sau",1624
30188,Ẩn Danh,18-10-2023 12:13,6,"Cho ít mắm quá quán ơi, mình ăn đây cũng nhiều lần rồi, đồ ăn khá ngon.",1624
30189,Nhật Ý,15-10-2023 19:09,10,đồ ăn bên quán lúc nào cũng ngon hết mình đặt thử cả 2 chi nhánh chất lượng đều ổn định hết,1624
30190,foodyuser_56e890ec,15-10-2023 09:51,10,Món ngon giao nhanh va rat chin chu chat luong tot dong goi can than nua,1624
30191,Tú Huỳnh Khả,14-10-2023 10:55,10,Mì ăn dặm mug hàng chuẩn nội địa nhật bản date xa đúng mẫu giá phải căng ahipper giao hàng nhanh shipeer thân thiện Ngon xỉu! No căng bụng Đóng gói tốt Giá phải chăng Thích: Tai heo cuốn bánh tráng,1624
30192,tramocphan,13-10-2023 11:18,6,"Tập 100 ngàn hạng mục chỉ định thôi súhdbbdbdjej, tạm woik ok bình thường",1624
30193,foodee_zhwr3g4p,12/10/2023 19:07,10,Nc mắm hog ngon lắm,1624
30194,Trần Thảo,12/10/2023 12:23,10,"Ngon, ăn hết trơn rùi hhhhhhhhhhhhhhhhhhhhhhhhhhhhhhhhh",1624
30195,Votan2205,12/10/2023 10:43,1,"Không ngon, nem có mùi dầu mỡ lâu ngày. Bò lá lốt thì ok. Không giống hình Không hợp khẩu vị",1624
30196,Như Nguyễn,11/10/2023 9:26,10,Shop giao hàng nhanh lại có code giảm giá. Đồ ăn như hình. Sẽ mua lại. Ngon xỉu! No căng bụng Đóng gói tốt Giá phải chăng Thích: Bánh hỏi thịt nướng,1624
30197,Nghiem Nguyen,9/10/2023 12:10,6,"E có ghi chú mắm nêm nhưng Ko có mắm nêm an không ngon được, chứ đồ an thì rất OK nhé",1624
30198,Nhật Ý,30-09-2023 11:40,10,đồ ăn rất ngon nha mngg em ăn 2 ngày liên tiếp vẫn rất ổn mng nên mua thử Thích: Cặp Đôi Hoàn Hảo Bánh hỏi thịt nướng,1624
30199,Nhật Ý,29-09-2023 11:10,10,giao hàng nhanh đồ ăn cũng ổn nên cho shop 5 sao nhenn shop oiii Thích: Cặp Đôi Hoàn Hảo Bánh hỏi thịt nướng,1624
30200,Ẩn Danh,28-09-2023 11:05,1,Bánh nhão nhẹt à. mà còn nhỏ xíu nữa. nước mắm thì nhạt tẹt trắng nhách. chê. Không giống hình,1624
30201,Ẩn Danh,27-09-2023 12:37,10,"Hình ảnh chỉ mang tính chất minh hoạ tại quên chụp ảnh lại nhưng đã đặt 2 lần rồi, đồ ăn ngon lắm nha, bún nem nướng cũng ngon Thích: Nem Nướng Ninh Hòa Nha Trang (Tặng Kèm Bún Và Dụng C...",1624
30202,Ẩn Danh,23-09-2023 12:00,6,"Giao hàng nhanh, đồ ăn ổn nhưng nước chấm không ngon lắm...... Thích: Mẹt Uyên ương Tặng Kèm Bún Và Dụng Cụ Ăn Uống",1624
30203,Ngọc Thảo,20-09-2023 15:19,10,ngon quá Ngon xỉu!,1624
30204,vy,16-09-2023 12:54,10,Rất giống vị một quán nổi tiếng ở Sài Gòn,1624
30205,n_quynhn,15-09-2023 12:20,10,thịt rất vừa miệng ngon hình ảnh chỉ mang tính chất nhạn xu thôi ạ Ngon xỉu! No căng bụng,1624
30206,Ẩn Danh,14-09-2023 17:44,10,Do an ngon... ma it nước mắm quá ăn không đủ... giao nhanh.. hop ve sinh,1624
30207,vhduyen04,13-09-2023 09:53,8,"Ngon lắm á nhưng mà hơi lạt chawc tại quán không bỏ cay nè, nch là ngon nha No căng bụng",1624
30208,Xitrum Lùng,12/9/2023 13:30,10,"Đã theo quán này lâu r, đồ ăn rất ngon và hợp khẩu vị! Nay quán đã cải thiện hộp đựng nhìn rất sạch sẽ và gọn gàng! Thích: Ram Giòn Thêm Nem Nướng Ninh Hòa Nha Trang (Tặng Kèm Bún Và Dụng C...",1624
30209,deo737en8l,11/9/2023 11:25,10,Bún thịt nướng và bánh bột lọc ngon lắm ạ! Uống kèm chai sữa hạt sen nữa! Mãi đỉnh luôn,1624
30210,Thùy Phương,11/9/2023 11:04,10,Đồ ăn ngon số zách Ăn nhiều lần không chán luônnn Mãi mê mãi keo dịu êmm Ngon xỉu! Đóng gói tốt Giá phải chăng No căng bụng,1624
30211,liennguyen2965,5/9/2023 9:56,10,"Ngon, đóng gói sạch sẽ gọn gàng, rau dưa cho đầy đủ, mình góp ý một chút về nước mắm là nên một *** chút chứ ngọt quá",1624
30212,Vương Thanh,14-05-2023 12:25,10,Ngonnnnnnnnn....,1624
30213,bichnguyet512,13-05-2023 19:38,10,"Chuẩn bị nhanh, đóng gói chỉn chu, sạch sẽ. Nước chấm thơm, nem mềm",1624
30214,Kiều Oanh,13-05-2023 17:50,10,"Giao đủ, nhanh Nước chấm ổn ngon béo nhưng chấm nhiều sẽ nhanh ngán Nem ngon ăn không ngán Bò là lốp ngon nhỏ vừa miệng ustas ustas",1624
30215,Ái Nhơn Phan Phan,13-05-2023 11:40,10,"Hình ảnh mang tính chất nhận xu. Đồ ăn ngon, sẽ ủng hộ",1624
30216,Trang,11/5/2023 19:50,1,"đặt hàng từ lúc xế chiều, giờ mới có thời gian để ăn bánh bột lọc thì phát hiện trong bánh có nguyên con ruồi... 07:00-22:00",1624
30217,Ẩn Danh,11/5/2023 12:36,10,"Đóng gói sạch sẽ, ngon miệng, ship siêu nhanh, thậ thiện nói chuyện sễ nghe",1624
30218,Ẩn Danh,11/5/2023 10:19,10,"Ngon, khá ok, hài lòng với đơn hàng này, sẽ ủng hộ thêm................",1624
30219,_linna_lee_,11/5/2023 7:14,10,"Bò nướng lá lốt, nem nướng, thịt nướng ngon lắm nha. Sẽ ủng hộ lần nữa Thích: Bún thập cẩm nem nướng, thịt nướng Bánh hỏi thịt nướng Bún bò nướng lá lốt",1624
30220,Khánh Ly,9/5/2023 12:21,10,Ngon nhon nhon nhọn nhọn nhọn nhọn nhọn nhọn ngon ngon ngon ngon ???,1624
30221,Ái Nhơn Phan Phan,6/5/2023 11:44,10,"Hình ảnh chỉ mang tính chất nhận xu. Đồ ăn ngon, sẽ ủng hộ shoppp",1624
30222,Ẩn Danh,6/5/2023 11:29,10,"Trình bày đẹp, làm nhanh. Đóng gói tốt. Sẽ ủng hộ tiếp. Giao hàng nhanh. Đóng gói tốt",1624
30223,Ẩn Danh,16-03-2023 23:08,10,Ngon nhiều đồ ăn lắm rau sạch hết chấm rất vừa vị nsb hdh hshh hdh,1624
30224,Khánh Ly,15-03-2023 10:40,10,Hshshs ngon nhon nhom nhón shsjsjnsjshsjnnbjsjdjdndnjdndnd,1624
30225,foodee_fngdhjg8,14-03-2023 15:56,10,Nem ngon cho nhiều rau sống sạch sẽ nhưng mà phần nước chấm thì chấm tương sẽ ngon hơn mắm nêm không ưng nước chấm lắm nhưng vẫn cho 5 sao vì cho rau ăn đã luôn Ngon xỉu! Giá phải chăng No căng bụng Thích: Nem Nướng Ninh Hòa Nha Trang (Tặng Kèm Bún Và Dụng C...,1624
30226,Nhi,14-03-2023 12:31,10,"Ngon lắm mn, mọi người nên mua ăn thử, ăn xong bị ghiền giống em á",1624
30227,Nguyễn Thanh Tân,13-03-2023 08:46,10,hdhdjsjdhdhxbxbxhdhdhdhdhdbdhfhsjsjsnxbxbxbxhd udhdh,1624
30228,ngoc_15102005,11/3/2023 1:09,10,Ngonnnn tuyt voi Hinh anh chi mang tinh chat nhan xu thoại,1624
30229,duyenstellar25,10/3/2023 17:37,10,Ngonnnnnnnnnnnnnnnnnnnndkdkdndjjdndndkjdndkd ndndkdndndj,1624
30230,Ẩn Danh,10/3/2023 13:05,10,Ngonnnnnnnnn------------~~~~~~~~~~~~nnnnn nnnnnnnnnnnnnn Ngon xỉu! No căng bụng REAM Đóng gói tốt Giá phải chăng,1624
30231,Ẩn Danh,6/3/2023 5:57,10,Ngon xỉu! Đóng gói tốt Giá phải chăng No căng bụng Thích: Bánh Bột Lọc Huế Nem Nướng Ninh Hòa Nha Trang (Tặng Kèm Bún Và Dụng C...,1624
30232,nguyenthianhngoceee,4/3/2023 18:54,6,2 xuất nhưng ít bún quá. Còn lại OK. Giao hàng nhanh,1624
30233,Vương Cẩm Tú,3/3/2023 17:02,4,"Nước mắm thì nhạt thếch, bò nướng lá lốp ăn tạm dc, thịt thì rất kỳ ko giống thịt nướng, nem nướng thì bột haizzzz. Hình ảnh thì hấp dẫn nhưng món ăn cần phải được cải thiện. Nếu có đánh giá chất lượng món ăn thì mình buộc phải cho 1-2 sao thôi Không hợp khẩu vị",1624
30234,Nguyên,2/3/2023 17:52,10,Okkkkkkkkkkkkkkkkkkkkkkkkkkkkkkkkkkkkkkkkkkkk kkkkkk,1624
30235,nhat_vy_21.6,1/3/2023 21:47,1,K có phần bánh tráng chiên giòn Đóng gói chưa tốt Sai/Thiếu món,1624
30236,Ẩn Danh,5/10/2022 16:16,10,Ngon nha. Lần nào cũng đặt ở đây để ăn hết. Nước chấm ngon lắm ak nên thử Thích: Nước Chấm Nem Nướng Siêu Ngon Nem Nướng Ninh Hòa Nha Trang (Tặng Kèm Bún Và Dụng C...,1624
30237,gzggagagaggag,5/10/2022 10:14,10,Jsjdjdjjdjdkdkldlldkdkdkdjdjjđjjdjdjxjdjdjdkdkdkdkxkxk xjjxhxhxhhxjxjxjdhxhdhdhdhdhhfhfhfjjjfjjfjdjdjfjjfjfjfjfjjfj fjfjkfkfkfifkifofodoodkdkdkdodoodkdkfkkfkfkofkfkfofi fififkfkkfkdkjfjfjfjiiidodododdriiririrudifififififidi Ngon xỉu! No căng bụng Đóng gói tốt Giá phải chăng,1624
30238,Phát Nguyễn,4/10/2022 12:15,10,"Sạch sẽ, đáng dùng. Nên thử. Cmt thêm mang tính chất nhận xu. Nói chung: NÊN ĂNNNNNNNNNN P/s: hơi buồn vì giao thiếu ""bún thêm Ngon xỉu! Đóng gói tốt Giá phải chăng No căng bụng Thích: Bún Thịt Nướng Bún đặc biệt(thịt nướng,nem nướng,bò lá lốt)",1624
30239,Ẩn Danh,4/10/2022 12:10,10,Ngon Thích: Ram Giòn Thêm Nem Nướng Ninh Hòa Nha Trang (Tặng Kèm Bún Và Dụng C...,1624
30240,Ẩn Danh,4/10/2022 8:54,10,Bún ngon nhiều thịt và rau ăn kèm lần sau sẽ đặt nữa,1624
30241,Ngân Hồ,2/10/2022 13:08,8,"Cũng tạm, có lẽ nước chấm không hợp khẩu vị với mình cho lắm. Hihi",1624
30242,gzggagagaggag,2/10/2022 12:43,10,Ghjjfjhcucuffffufjfjcjcjkvkvjvjvjcjchchxhxhxhxhxhxhxh xhxhxhxxhxxhccjcjvgjgjgjhfhdgxgxgxgxhxhchchchchc hxhxchcjckvkbkhhcgxgshfjgkhkhjlhkhkgjgjfjfjfjgjgkgk hkbkbbkhkbkhkvkggkgjgjgjgjgjgjgjgggjgjgjjgjff Ngon xỉu! Đóng gói tốt Giá phải chăng No căng bụng,1624
30243,Trần Thanh Hiếu,29-09-2022 19:54,1,Ship 2 hộp k có nước mắm sao ăn Phản hồi từ Quán: Quán để riêng 2 bịch nước mắm vào 1 gói riêng ở ngoài theo ghi chú. Shipper xác nhận đã quên giao cho bạn. Và có sđt của quán trên nắp hộp sao bạn ko chủ động liên lạc quán để đc giải quyết Khách ghi chú: Cung cấp dụng cụ ăn uống Nước mắm riêng nha a,1624
30244,Trần Thanh Hiếu,29-09-2022 10:00,1,Đánh giá gần nhất 1 sao,1624
30245,La Nhật Quang,29-09-2022 13:43,1,ship 2 hộp k có nước mắm sao ăn 29/09/2022 19:55 Ẩn Danh 10 Fsfjsfjsfstsydhdhdysysysififidjdudgyuiidsxghhgertgd Ngon Đóng gói tốt,1624
30246,Phương Uyên,28-09-2022 15:33,10,"Đồ ăn ngon, giao hành nhanh, đã ủng hộ quán nhiều lần. Sẽ ủng hộ tiếp nha ! Thích: Bún thập cẩm nem nướng, thịt nướng",1624
30247,Ẩn Danh,28-09-2022 13:50,10,"Bánh ok, sạch sẽ, đủ dụng cụ, nước mắm ngon, có điều thích bột trong hơn xíu",1624
30248,Ẩn Danh,27-09-2022 11:19,10,"Ngon xĩu, đóng gói tố, no căng bụng, giá cả phải chăng, giao hàng nhanh Ngon xỉu! No căng bụng 1000 Thích: Bún Nem Nướng Bánh hỏi thịt nướng",1624
30249,foodee_195c2286,25-09-2022 23:57,10,Hình ảnh minh họa đồ ăn ngon sạch sẽ đóng gói đẹp giao hàng nhanh Ngon xỉu! Đóng gói tốt Giá phải chăng No căng bụng,1624
30250,foodee_cylscjm8,25-09-2022 19:06,1,Quá dở Không hợp khẩu vị,1624
30251,Lê Cương,24-09-2022 19:08,6,Thiếu bánh chiên giòn rồi. Chỉ có 1 hộp nem nướng Sai/Thiếu món,1624
30252,Ẩn Danh,22-09-2022 14:02,10,Ngon lắm ạ xgshsbx bxjs sxnjs sdhjsnsns dbsvvsdbksmdhsbsbdbdjsbsb Thích: Nem Nướng Ninh Hòa Nha Trang (Tặng Kèm Bún Và Dụng C...,1624
30253,Ẩn Danh,22-09-2022 10:22,10,"mua bao lần vẫn rất ưng ý nha, sẽ ủng hộ quán tiếpppppppppppppp",1624
30254,foodee_8uhar1sk,20-09-2022 18:28,10,"Ngon xỉu giao hàng nhanh đầy đủ món kh thiếu gì cả, ăn nhiều lần thấy phục vụ rất tốt. Ngon xỉu! Đóng gói tốt Giá phải chăng No căng bụng",1624
30255,Jolie Nguyễn,19-09-2022 19:58,8,"Chỉ có nem là không bị dai nha. Còn bò cuộn lá lốp với thịt nướng rất dai. Nhưng tổng hợp lại thì okay. Thích: Bánh hỏi không Bún đặc biệt(thịt nướng,nem nướng,bò lá lốt) Nem Nướng thêm",1624
30256,Ẩn Danh,18-09-2022 20:29,6,"Mùi vị được coi như tạm ổn, nếu nói là ngon thì chưa thực sự nổi bật Không hợp khẩu vị",1624
30257,lin_lin,18-09-2022 07:58,1,thiếu ram giòn của cả 3 phần. đặt 3phần mà cho quá ít bánh tráng,1624
30258,suka1987,14-09-2022 13:14,10,Giao hàng nhanh chóng chất lượng sản phẩm tốt hơn nhiều so với mức tăng cao,1624
30259,foodee_o0rciw31,14-09-2022 11:52,10,"chuẩn bị thức ăn nhanh, gọn, hợp vệ sinh. ăn ngon. hợp khẩu vị. hình ảnh nhận xu",1624
30260,Minh Trang Nguyen,10/9/2022 13:14,1,Quán quên bánh tráng . Lần sau check lại nhé! Nem *** đúng vị đang tìm Thích: Nem Chua,1624
30261,Ẩn Danh,3/3/2023 17:02,1,"Nước mắm thì nhạt thếch, bò nướng lá lốp ăn tạm dc, thịt thì rất kỳ ko giống thịt nướng, nem nướng thì bột haizzzz. Hình ảnh thì hấp dẫn nhưng món ăn cần phải được cải thiện. Nếu có đánh giá chất lượng món ăn thì mình buộc phải cho 1-2 sao thôi Không hợp khẩu vị",1624
30262,Nguyên,2/3/2023 17:52,10,Okkkkkkkkkkkkkkkkkkkkkkkkkkkkkkkkkkkkkkkkkkkk kkkkkk,1624
30263,nhat_vy_21.6,1/3/2023 21:47,1,K có phần bánh tráng chiên giòn Đóng gói chưa tốt Sai/Thiếu món,1624
30264,Ẩn Danh,1/3/2023 11:03,10,"món được giao đủ, vị ngon vừa miệng, nhìn đóng gói khá tươm tất Ngon xỉu! Thích: Bún Thịt Nướng Nem Nướng thêm Bánh Tráng Thêm",1624
30265,foodee_m1qkayqf,28-02-2023 18:18,1,Mình phải xin lỗi bạn kia nhiều luôn í đây là lần đầu mình mua và tin tưởng ở bạn mình kg nói đến tiền bạc chỉ là thấy phí công sức bỏ ra và nhờ vả người khác mình rất ngại luôn.,1624
30266,My_Sói92,27-02-2023 10:32,4,"Nên thay đổi hộp đựng bún trộn,để hộp tn trộn sao do Đóng gói chưa tốt",1624
30267,Hồng Nhi,24-02-2023 13:35,1,"Thịt và ném nướng mềm không bị quá khô, nước chấm vị vừa ngon luôn",1624
30268,Ẩn Danh,23-02-2023 12:34,1,Khẩu phần ít,1624
30269,Ẩn Danh,22-02-2023 18:17,10,đồ aqn ngon bndbbdbdbd nhfbfbd. d. dnd ndhhdbdb hhhhd dhdbsb b Thích: Nem Nướng Ninh Hòa Nha Trang (Tặng Kèm Bún Và Dụng C...,1624
30270,doquyen330,22-02-2023 13:22,10,Shahhxvdhdhdhaqudbrzhsugdhqubsxrbsuehaevshǎh géagegu ngon ,1624
30271,My Võ,22-02-2023 11:54,1,Đặt lần đầu 4 cây nem lần 2 có 3 cây với giá này thì quá mắc thật sự thấy thất vọng Phản hồi từ Quán: Dạ thưa chị giá tại quán 40k/1phần.Giá app quán phải chịu chiết khấu thêm 29%.49k/1 phần thực nhận chỉ còn 35k.1 phần nem bao gồm 3 cây nem cắt đôi+6 chiếc ram giòn cùng rau bún bánh tráng xoài dưa nước chấm đầy đủ.không có chuyện lúc 4 cây lúc 3 cây,1624
30272,Ẩn Danh,22-02-2023 11:49,10,"Bún thịt nướng ăn ngon, đã đặt ở đây nhiều lần, giao hàng đầy đủ",1624
30273,duyenstellar25,22-02-2023 09:05,10,"Đồ ăn ngon, vệ sinh sạch sẽ, giao hàng nhanh . Mọi người nên mua ăn thử nhaaa",1624
30274,Ẩn Danh,21-02-2023 19:44,1,"Đặt 2 phần riêng cho 2 người. Mà quán để chung vô 1 hộp, rồi sao chia. Nhận 1 hộp còn tưởng quán giao thiếu",1624
30275,Ẩn Danh,21-02-2023 19:35,8,"Lần đầu ăn ở đây. Đồ ăn khá oke. Hợp vị. Có điều không biết chọn nên chọn nhầm mắm không cay :(( Thích: Bún thập cẩm nem nướng, thịt nướng",1624
30276,Nhi,21-02-2023 13:42,10,"Phản hồi từ Quán: Dạ quân có để ớt ở góc hộp bún ạ Ngon, khẩu phần ăn nhiều, no căng bụng, mọi người mua ăn thử nhé",1624
30277,Ẩn Danh,21-02-2023 10:58,10,hình ảnh chỉ mang tính chất nhận xu. đồ ăn ổn sẽ ủng hộ quán tiếp,1624
30278,nanggio,20-02-2023 19:48,4,Tạm được,1624
30279,Hồng Nhi,20-02-2023 12:56,10,"Món ngon sạch sẽ, nhiều topping nữa, quán chuẩn bị món nhanh ạ",1624
30280,duyenstellar25,19-02-2023 18:31,10,"Ngon, sạch sẽ . Giao hàng nhanh . Mọi người nên ăn thử nhaaaaaa Ngon xỉu! Đóng gói tốt Giá phải chăng",1624
30281,Huyền,8/10/2022 10:30,10,nhìn ngon nha thịt nước ướp đắm vị không bị mặn quá thơm ngon nha,1624
30282,smly_01,7/10/2022 21:14,10,Hình ảnh mang tính chất minh hoạ Mình thích bánh tráng chiên giòn rất ngon.....,1624
30283,Ẩn Danh,7/10/2022 13:23,4,"Món này ăn với mắm nêm sẽ hợp vị hơn. Ớt sa tế bị cũ, thịt nướng hơi khô !",1624
30284,Ẩn Danh,7/10/2022 13:07,10,Hêhhehehhehehehehgehehehehehhehehhehehehehh ehehehhehehe ngon,1624
30285,Hiền Diệu,6/10/2022 16:21,8,"Như hình, đồ ăn nhiều, có cái quán nên làm nước mắm đậm vị hơn xíu nữa sẽ ok Thích: Bún Thịt Nướng Bánh hỏi thịt nướng",1624
30286,Sang Nguyễn,6/10/2022 9:51,1,"Ăn cái vị nó cứ lạ lạ, nước mắm ko giống mình hay ăn bún thịt nướng, ngọt ngọt lợ lợ . Ăn tạm đc thôi Không hợp khẩu vị",1624
30287,Ẩn Danh,5/10/2022 16:16,10,Ngon nha. Lần nào cũng đặt ở đây để ăn hết. Nước chấm ngon lắm ak nên thử Thích: Nước Chấm Nem Nướng Siêu Ngon Nem Nướng Ninh Hòa Nha Trang (Tặng Kèm Bún Và Dụng C...,1624
30288,gzggagagaggag,5/10/2022 16:16,10,Jsjdjdjjdjdkdkldlldkdkdkdjdjjđjjdjdjxjdjdjdkdkdkdkxkxk xjjxhxhxhhxjxjxjdhxhdhdhdhdhhfhfhfjjjjjfjdjdjfjjfjfjfjfjjfj fjfjkfkfkfifkifofodoodkdkdkdodoodkdkfkkfkfkofkfkfofi fififkfkkfkdkjfjfjfjiiidodododdriiririrudifififififidi Ngon xỉu! Đóng gói tốt Giá phải chăng No căng bụng,1624
30289,Thùy Phương,11/9/2023 11:04,10,Đồ ăn ngon số zách Ăn nhiều lần không chán luônnn Mãi mê mãi keo dịu êmm Ngon xỉu! Đóng gói tốt Giá phải chăng No căng bụng,1624
30290,liennguyen2965,5/9/2023 9:56,10,"Ngon, đóng gói sạch sẽ gọn gàng, rau dưa cho đầy đủ, mình góp ý một chút về nước mắm là nên *** một chút chứ ngọt quá",1624
30291,Ẩn Danh,1/9/2023 12:29,1,"Thiếu nem ***, thịt giao nguội tanh, nem giao nguội Sai/Thiếu món",1624
30292,nguyenlinh15101999,31-08-2023 11:12,10,"Giao hàng nhanh, bảo quản cẩn thận. Đồ ăn ổn hơn okokok",1624
30293,Ẩn Danh,30-08-2023 18:53,10,Heu uiw diwbdiw jeoe u dhus uơ diiw siwo dbus heuw dbuww nod buqr eu ei ngon,1624
30294,Nhung Hồng,26-08-2023 22:59,1,"Mắm nêm hơi ***, bánh tráng cứng nên cuốn bị gãy không quán nên thay đổi bánh tráng cho phù hợp",1624
30295,Đặng Đến,25-08-2023 12:07,1,Quán giao thiếu 2 phần nem thêm . Lấy tiền kiểu này dễ quá Sai/Thiếu món,1624
30296,Megane Bibi,24-08-2023 11:33,10,Thích: Bánh Bột Lọc Huế Bánh hỏi - thịt nướng cuốn bánh tráng,1624
30297,foodee_6hq81pqq,23-08-2023 10:54,10,Ngon Jejejshwbwajajziisakqkamkqnanaustcuwbmwlkhsiio Ngon xỉu! No căng bụng Đóng gói tốt Giá phải chăng,1624
30298,Hồng Yến Nguyễn Thị,22-08-2023 21:11,6,"Đồ ăn đóng gói chỉnh chu đẹp, sạch sẽ, ăn ngon nhưng tương đậu quán làm nhiều bột năng quá Đóng gói tốt Giá phải chăng",1624
30299,Ẩn Danh,20-08-2023 11:45,10,"Giao hàng nhanh mới đặt đã có rồi, món ngon, đóng gói cẩn thận 3 Ngon xỉu! No căng bụng Đóng gói tốt Giá phải chăng Thích: Bún thập cẩm nem nướng, thịt nướng",1624
30300,Ẩn Danh,16-08-2023 11:46,10,Thịt nướng ngon nha. Sẽ ủng hộ lần sau :> Thích: Bún Thịt Nướng Bánh hỏi thịt nướng,1624
30301,vannhi1014,15-08-2023 23:15,1,"Mắm nêm *** quá, thịt thì khô queo",1624
30302,phamvanduong2402,14-08-2023 12:07,10,"Bún nem nướng ngon, nem nướng cũng okkla lắm. Còn được tặng thêm bún",1624
30303,duyenstellar25,13-08-2023 14:00,10,Dùhtiudrdfddỳdrgkfcvjgdfasfggdgfrggggggggggffsdf fffd ngon,1624
30304,duyenstellar25,13-08-2023 14:00,10,Kgkyykfrgshk hc détdogeuijeedwjffjvvkgwwiohfygsqd fggjfsqsfsdgdfhjh ngon,1624
30305,Bộ Bảo,12/8/2023 13:32,1,dưa leo bỏ phần cuối đắng ăn k dc.,1624
30306,Chị Hạnh,11/8/2023 15:06,1,"60k món này thì hơi mắc, thịt nướng đợt này mình ăn kg ngon, kg thấm mà còn bị cứng và dai nữa rất là kg ngon. haizzz",1624
30307,Yến Đỗ Thị,11/8/2023 13:40,1,Dặn không đậu ko rau vẫn để :((( mắm nêm hơi t,1624
30308,thanhnga_2012,11/8/2023 9:50,10,Ngon chất lượng bbgfhchhcfyufccucuucchfyhvjgfujfguyihcb. H h h Puri,1624
30309,Ẩn Danh,10/8/2023 16:28,10,"Ngon, đồ ăn chất lượng, giao hàng nhanh lắm. Nên thử nha đã ân",1624
30310,foodee_9513bf6c,10/8/2023 11:19,6,"thì như mấy người khác nói thì giá ở đây hơi cao so với mặt bằng chung í, cũng thông cảm là do quán phải chịu chiết khấu app nhma mình thấy ở những quán khác cũng có nhưng khongg tăng giá, mong quán sẽ tìm ra phương pháp hợp lí để cho cả quán lẫn khách hàng cảm thấy hài lòng hơn ạ Đóng gói tốt Thích: Bún Nem Nướng",1624
30311,foodee_82aa1445,8/8/2023 15:54,1,B ơi xem lại bánh giúp mình. Sao mở ra bị nhớt vậy ạ. Bột bánh thì bị trắng chứ ko được trong như mấy lần trước. Vỏ bánh hơi có mùi.,1624
30312,Dương Gia Huệ,7/8/2023 11:26,1,rất ít giá quá chát =)) Không giống hình Khẩu phần ít,1624
30313,Loan Nguyễn,5/8/2023 11:17,1,Góp ý vài lần rồi. Nhưng thấy quán vẫn k tiếp thu. Nước chấm quá ít. Dolc|g|gl|bvllvlvvdmxmcmcmmcm,1624
30314,kiều oanh,4/8/2023 14:00,10,Bún thịt nướng bao ngon luôn ạ. Thịt mềm nhìu lắm ạ Ngon xỉu! Đóng gói tốt Thích: Bún Thịt Nướng Nem Nướng Ninh Hòa Nha Trang (Tặng Kèm Bún Và Dụng C...,1624
30315,Nhu Phan,4/8/2023 9:59,10,Nói chung là ngon,1624
30316,Le Nhung,3/8/2023 17:11,10,"đóng gói rất đẹp, nhìn vào rất muốn ăn, 10 điểm 10 điểm cho quán",1624
30317,duyenstellar25,8/7/2023 20:41,10,Oaksmdlamajeudnskqpqjxncnzoajshqkapodjshwnxjw usjnn ngon,1624
30318,lyna_203,8/7/2023 12:26,6,bún có 1 chút xíu,1624
30319,Ẩn Danh,6/7/2023 14:29,10,"Quán bán khá hợp khẩu vị của mình, ăn no, còn có khuyến mãi rẻ nữa. Thèm sẽ ăn ở đây tiếp",1624
30320,Ẩn Danh,3/7/2023 11:40,8,"Ăn quán này bữa h nhìu, có flashsale nên cũng đỡ",1624
30321,Ẩn Danh,2/7/2023 14:33,1,Phần 50k mà thịt đx vài miếng nhỏ,1624
30322,foodee_ccixk905,1/7/2023 11:53,10,Ngon xỉu đóng gói tốt no căn bụng giá phải chăng nên sẽ mua ủng hộ tiếp,1624
30323,Dánh Say,30-06-2023 13:43,1,Dặn quán cho nhiêgu ớt mà cho có 1 tẹo,1624
30324,Tiểu Hy,30-06-2023 11:38,1,Nem gì mà bị mốc hết vẫn giao cho khách Không vệ sinh/ an toàn Phản hồi từ Quán: Chị ơi cái này là men của nem mà chị? Nem nào đến giai đoạn đều có men trắng này mà,1624
30325,Hồng Thu,26-06-2023 10:58,10,Ngonnnnnnnnnnnnnnnnnnnnnnnnnnnnnnnnnnnnnn nnnnnnnnn Ngon xỉu! No căng bụng Đóng gói tốt Giá phải chăng,1624
30326,Nguyễn Đỗ Thanh Toàn,22-05-2023 20:47,10,Đồ ăn ở đây ngon xỉu luôn. Bữa nào phải đặt lại để ăn mới được. Hihi,1624
30327,My Diễm,22-05-2023 11:35,10,"Lần đầu mua ở đây, bún rất ngon sẽ ủng hộ tiếp tục cho tiệm 5 saoo Ngon xỉu! No căng bụng Thích: Bún Nem Nướng Bún bò nướng lá lốt",1624
30328,maimai203010,22-05-2023 10:38,10,Lần trước góp ý đổi bánh trág. Nay thấy đổi ời 10 điểm nhé .....,1624
30329,ntthytrang547,22-05-2023 06:16,10,"Giao hàng nhanh, đóng gói cẩn thận, đồ ăn nhiều, ngonnnnnnnnnn Thích: Bún Thịt Nướng Bún chả ram hải sản Nem Chua",1624
30330,Ẩn Danh,20-05-2023 17:55,10,"Giao hàng nhanh, đồ ăn sạch sẽ ngon nên ăn thử nhé ǎbxbslsxnx d ekobh",1624
30331,Ẩn Danh,20-05-2023 14:40,6,mua cho đủ 75k để đc kmai phí ship 20k rồi cuối cùng ko có. Sai/Thiếu món,1624
30332,trần thị phương đông,18-05-2023 12:53,1,Mua bánh hỏi mà giao bún huhuhu Phản hồi từ Quán: Dạ xin lỗi chị. Chắc nhân viên soạn đơn bị nhầm. Mong chị hoan hỷ bỏ qua giúp sai sót này ạ. Rất cảm ơn chị đã ủng hộ quán ạ,1624
30333,nini19072002,18-05-2023 11:10,10,ngon,1624
30334,Ẩn Danh,18-05-2023 09:38,10,"chưa ăn nhưng mà giao hàng nhanh, món ăn vẫn còn nóng nên đánh giá 5* Thích: Bánh hỏi không Bún Nem Nướng Mắm chua ngọt",1624
30335,Trần Thy,17-05-2023 15:06,10,ngon tương nóng mình rất thích quán rất chu đáo,1624
30336,Vân Nguyễn,16-05-2023 23:50,10,Đồ ăn đến rồi đồ ăn đến rồi. Dậy ăn thôi dậy ăn thôi. Ăn nhanh lên nào. Thích: Bún Thịt Nướng Cặp Đôi Hoàn Hảo Bánh Bột Lọc Huế,1624
30337,duyenstellar25,16-05-2023 14:15,10,Kapqieuelalxmchfuriepdmajxhalapzmqpdkchfurjapqp skxja ngon,1624
30338,Ngân,15-05-2023 17:42,10,Ngonn nhiều nem nhiều bún nhiều rau ăn muốn bể bụng căng da ngon lắm đó,1624
30339,Trinh Phuonanh,15-05-2023 13:50,1,Đặt món này mà ko cho nước chấm thì ăn kiểu gì ạ,1624
30340,nguyenduong9420,15-05-2023 11:05,4,"Nemm ngonnn nha, có điều nem hơi lạnh tý, nem nướng lại nóng tý ngon hơn Phản hồi từ Quán: Dạ nem ở quán lúc nào ship đi cũng nóng ạ. Nhưng đơn của chị cách quán 12km với shipper đi đơn ghép nữa nên nem bị nguội. Chị hoan hỷ giúp quán nhé ạ. Rất cảm ơn chị đã ủng hộ quán а",1624
30341,Vương Thanh,14-05-2023 12:25,10,Ngonnnnnnnnn...,1624
30342,bichnguyet512,13-05-2023 19:38,10,"Chuẩn bị nhanh, đóng gói chỉn chu, sạch sẽ. Nước chấm thơm, nem mềm",1624
30343,Kiều Oanh,13-05-2023 19:37,10,"Giao đủ, nhanh Nước chấm ổn ngon béo nhưng chấm nhiều sẽ nhanh ngán Nem ngon ăn không ngán Bò là lốp ngon nhỏ vừa miệng",1624
30344,An Nguyễn,22-10-2023 10:40,10,"Món ngon, đói quá ăn ngay quên chụp ảnh, Với mình thì hơi nhạt, nhưng ngon, chỉ cần dùng mực hàng tươi là chuẩn luôn, sẽ ủng hộ tiếp Ngon xỉu! Đóng gói tốt No căng bụng Thích: Miến Xào Thập Cẩm ( Đĩa Thường) Hủ tiếu xào hải sản Cơm Chiên Dương Châu Trứng Muối,",1625
30345,Mẫu nghi thiên hạ,18-10-2023 18:18,10,"ngon, ăn quài k ngán, hấp dẫn, nên thử nha, lói chung ăn quài nên k bíc lói gì nữa Ngon xỉu! Đóng gói tốt Giá phải chăng No căng bụng Thích: Cơm chiên hải sản",1625
30346,Mẫu nghi thiên hạ,18-10-2023 17:37,10,"ngon, 10 điểm, ăn quài k ngán, nên thử nha mn ơiii, hấp dẫn lắmmmm danhquan110503 Thích: Cơm chiên hải sản",1625
30347,trnthkhi049,17-10-2023 21:34,10,Hsjshshshhshshzhshshsjjsbsjsushbsisjsbdhisbsbdjxh bxhxjxbxbxbxhxjxhbxhxjxjxjxjxhbx ngon,1625
30348,Linhtran8888,8/10/2023 18:46,4,"Cơm chiên ngon mà hơi khô, hủ tiếu xào cũng ngon mà phần ăn hơi ít đồ ăn",1625
30349,trnthkhi049,4/10/2023 20:38,10,Ngon lắm sẽ ủng hộ tiếp ......................................................................................mmmmmkmmmnnbgfghjjggjjhg Ngon xỉu!,1625
30350,Chi Kim,4/10/2023 16:11,1,"Giao 2h ko có rau, note 1h k hành thì giao hết 2h đều khành",1625
30351,Xanh Táo,1/10/2023 19:38,10,Cơm ngon Cơm chiên hải. Sản ngon Cơm chiên vừa ngon miệng99999 Đóng gói tốt Giá phải chăng Ngon xỉu! No căng bụng Thích: Cơm chiên hải sản,1625
30352,Xanh Táo,30-09-2023 16:26,10,Cơm ở đây ăn riết thành món ruột rồi Cơm chiên hải sản bao ngon akkkkkkkkkk Ngon xỉu! Đóng gói tốt Giá phải chăng No căng bụng Thích: Cơm chiên hải sản,1625
30353,Nhật Ý,28-09-2023 11:46,10,đồ ănn ngonnn giao tới tay mình vẫn nóng hổi nhau mng ăn vừa vị siu thích nuônn Thích: Mì giòn xào hải sản Canh Cải Thịt Bằm,1625
30354,Ẩn Danh,21-09-2023 20:31,10,Share your compliments! Share your compliments! Share your compliments! Share your compliments! Thích: Canh rong biển thịt bầm Miến Xào Bò ( Đĩa Thường),1625
30355,Ẩn Danh,18-09-2023 22:36,10,Hìn ảnh mang tính minh họa cơm chiên ngon lắm nỗ ủng hộ ở lần sau cảm ơn 多功能无线充竹炭硅胶洁面仪 源自法国·专注美容护肤12年,1625
30356,Ẩn Danh,17-09-2023 12:26,1,"Đóng gói mà cũng làm ko ra hồn để đổ tháo tùm lum, hộp canh giao tới nơi hở nắp đổ hết 1/2 Đóng gói chưa tốt Phản hồi từ Quán: shipper giao hàng làm đổ, quán đóng gối kĩ trc khi shipper lại lấy hàng ra",1625
30357,Nở Thị,27-06-2023 11:50,10,Quán nêm hợp khẩu vị mình. Rất hay ăn ở quán này mn nên thử nhé Ngon xỉu!,1625
30358,0704751516binhan,25-06-2023 23:14,10,Hhhhrjjrjrjrjrjwjwkwjndndnjwjsjdbbdjsjwjwjsjdbbdndjs ngon,1625
30359,Ha Sinny,23-06-2023 09:38,1,Dỡ tệ,1625
30360,foodee_ccixk905,22-06-2023 11:08,10,"Ngon giá phải chăng giao nhanh làm nhanh sạch sẽ, sẽ mua tiếp tục Ngon xỉu! Thích: Miến Xào Thập Cẩm ( Đĩa Thường) Hủ tiếu xào thập cẩm",1625
30361,Linhtran8888,20-06-2023 19:57,10,Đồ ăn ngon còn nóng khi giao tới rau nhiều!!!! Hủ tiếu mềm vị rất vừa ăn!!!! Đã mua nhiều lần cơm cũng rất ngon Ngon xỉu! Đóng gói tốt No căng bụng Quán Ăn Minh Ký - Ám Thực Việt Hoa Tuyệt vời Gửi lời khen của bạn Ngon xlut Đóng gói tốt. No căng bụng Giá phải chăng Thích: Hủ tiếu xào hải sản Cơm chiên bò xào,1625
30362,NINI,20-06-2023 18:38,10,Okkkkkkkkkkkkkkkkkkkkkkkkk Okkkkkkkkl kkkkkkkkkkkk Okkkkkkkkkkkkkkkkkkkkkkkkk Okkkkkkk kkkkkkkkkkkkkkkkkkk Ngon xỉu!,1625
30363,NINI,18-06-2023 20:18,10,Okkkkkkkkkkkkkkkkkkkkkkkkk Okkkkkkkkkkkkkkkkkkkkkkkkk Okkkkkkkkkkkkkkkkkkkkkkkkk Okkkkkkkkkkkkkkkkkkkkkkkkk Ngon xỉu!,1625
30364,thanhthao486720,5/6/2023 19:29,10,Ngon ngon ngon tuyệt vời ngon ngon ngon ngon ngon ngon ngon ngon,1625
30365,Hồng Nhung,4/6/2023 8:29,10,"Cuối tuần là khoảng thời gian được thư giãn, nghỉ ngơi để tiếp thêm năng lượng cho một tuần làm việc, học tập mới hiệu quả. Để dịp cuối tuần HIẾT",1625
30366,foodee_3vo3h103,2/6/2023 21:07,10,Nónggggggggg99999999999999999999999999999 ggggggggggg Đóng gói tốt,1625
30367,Yến Hoàng,2/6/2023 19:29,1,"Xin lỗi shop nhưng xin đánh giá như sau! 1- nui xào quá mềm vị nhạt nay quên nêm 2- hủ tiếu xào không ngon ko phải chuyên gia nên ko biết nói sao chỉ đơn giản ko ngon ==> giá mắc so với món ăn nên ko mua lần nào nữa :) Phản hồi từ Quán: Câu đầu tiên quán xin lỗi e nha,a không biết e ăn có hợp khẩu vị không mà e đăng lên như vậy,e nên nhớ quán của a là Quán ăn Việt Hoa nha, là món ăn của người Hoa,a không biết e ở miền nào mà si nghĩ như vậy?",1625
30368,Ngọc Bảo,30-05-2023 17:35,1,E đặt nuôi mà s ra cơm z ạ?,1625
30369,Lan,28-05-2023 12:02,10,lần đầu tiên oder ngon sẽ quay lại ak...đanh gia trước rồi ăn sau hdjsiwjdbnd ùieooedjdk,1625
30370,hoanganh009pham,10/3/2024 18:08,10,"Miến ăn lần đầu mà thấy ngon nha m.n, sẽ ủng hộ dài dài kkkkkkkk",1625
30371,ppsoftware.vn,9/3/2024 21:23,10,giá phải chăng... ngon... ... hình ảnh mang tính chất lụm xu,1625
30372,ppsoftware.vn,9/3/2024 21:20,10,giá phải chăng. ... ngon... ... hình ảnh mang tính chất lụm xu,1625
30373,Ẩn Danh,6/3/2024 15:44,10,"Quán làm món nhanh, miến ăn ngon vừa miệng,1 phần nhiều lắm luôn.sẽ ủng hộ quán lần sau nữa Ngon xỉu! Thích: Miến Xào Thập Cẩm ( Đĩa Thường)",1625
30374,Tuấn Anh,3/3/2024 17:20,1,"Canh rong biển có mùi lạ (giống thiu) Các món cơm, Miến xào thì Bình Thường Không vệ sinh/an toàn Thích: Miến Xào Hải Sản ( Đĩa Thường) Cơm Chiên Thêm Phản hồi từ Quán: Dạ thưa các ac đồ ăn quán e là đồ tươi k nấu sẵn chừng nào khách kêu mới làm,mà mấy ac nói canh thiêu",1625
30375,ppsoftware.vn,2/3/2024 14:01,10,giá phải chăng. ... ngon... ... hình ảnh mang tính chất lụm xu,1625
30376,ppsoftware.vn,27-02-2024 11:43,10,giá phải chăng. ... ngon... ... hình ảnh mang tính chất lụm xu,1625
30377,ppsoftware.vn,27-02-2024 11:42,10,giá phải chăng... ngon... ... hình ảnh mang tính chất lụm xu,1625
30378,foodee_tii5qhbh,23-02-2024 13:50,10,Không biết đánh giá sao luôn ạ,1625
30379,ppsoftware.vn,19-02-2024 13:06,10,"giá phải chăng. ... ngon... ... hình ảnh mang tính chất lụm xu Nuôi Xào Hải Sản, Đặc Biệt",1625
30380,ppsoftware.vn,18-02-2024 14:27,10,"giá phải chăng. .. ngon... ... tính chất lụm xu Com chien qui ga, Lun",1625
30381,ppsoftware.vn,17-02-2024 13:23,10,giá phải chăng. ... ngon... ... hình ảnh mang tính chất lụm xu,1625
30382,ppsoftware.vn,15-02-2024 14:07,10,giá phải chăng... ngon... ... hình ảnh mang tính chất lụm xu,1625
30383,Ngoc Hai Nguyen,15-02-2024 14:07,1,"Đặt đơn lúc 19:16 ngày 02/02/2024 mà gần 21h ngày 03/02/2024 mới giao tới. Một đơn hàng kỷ lục, 1 sao cho quán. Khách đã chết đói Quán Ăn Minh Ký - Ám Thực Việt Hoa )",1625
30384,Ẩn Danh,1/2/2024 11:30,10,Đồ ăn ngon vừa miệng. Đóng gói cẩn thận. Hình ảnh mang tính chất nhận xu. Tks!,1625
30385,foodee_7s2osb58,1/2/2024 11:08,1,"Đặt phần lớn giao phần nhỏ Phản hồi từ Quán: Quán xin lỗi nha,do e đầu bếp không nhìn kỹ đơn hàng, quán cũng nhờ e ship lên gởi tiền lại cho khách rồi,mong khách thông cảm dùm,",1625
30386,foodee_sjlt1wtl,26-01-2024 19:50,1,Phần hủ tíu xào hải sản 75k đc 2 con tôm và mấy miếng bạch tuột nhỏ xíu nha . Mắc và lần sau mình ko ăn nữa Khẩu phần ít,1625
30387,trnthkhi049,24-01-2024 19:48,1,Hơi nhạt ăn với tương ớt thì rất ngon mà cho ít quá không đủ dùng,1625
30388,HUẾ HƯƠNG,23-01-2024 14:52,1,Bua trc ăn nuôi xào bò ok quá lân nay thất vọng. Thà lam mực nhỏ và tươi thì ok cai này râu mực đông lạnh hàng thùng trung quốc 70kg/ kí. Say bye quán Không vệ sinh/an toàn,1625
30389,Ẩn Danh,21-01-2024 06:32,10,"Giao hàng nhanh, sạch sẽ, thức ăn nhiều, ăn 1 người no luôn, hình ảnh mang tính chất nhận xu",1625
30390,vanessanelson,19-01-2024 20:25,10,Miến của quán này ngon lắm mọi ngườiiiiiiiiiiiii Ngon xỉu! Đóng gói tốt Giá phải chăng No căng bụng Thích: Miến Xào Hải Sản ( Đĩa Thường),1625
30391,Kim Thủy,14-01-2024 20:05,10,Ngon nha.,1625
30392,Ẩn Danh,14-01-2024 19:37,10,Adndbdjjdjdhdjdjdjhdhdhdhhd dbdhdhhdhdhdhdhdehhdhdb Thích: Hủ tiếu xào hải sản,1625
30393,heosua_22,19-01-2024 20:25,10,Thích: Miến Xào Hải Sản ( Đĩa Thường),1625
30394,Kim Thủy,14-01-2024 20:05,10,Ngon nha.,1625
30395,Ẩn Danh,14-01-2024 19:37,10,Adndbdjjdjdhdjdjdjhdhdhdhhd dbdhdhhdhdhdhdhdehhdhdb Thích: Hủ tiếu xào hải sản,1625
30396,heosua_22,10/1/2024 12:42,10,Nếu có đặt lại cho thêm trái ớt Qán đặt lần 2 r ngon hk bt nsj thêm Đóng gói tốt,1625
30397,ngoclinh0203,10/1/2024 9:15,6,"Khẩu vị thì tuỳ người, nhưng mà tôm thì bỡ ko tươi mực ăn như mực giả á Không hợp khẩu vị",1625
30398,heosua_22,8/1/2024 20:59,10,Ngon hk bt nsj thêm Kqkbwodlenjdjwl Jwksnkdldkjdjdkkdkdj Ngon xỉu! Đóng gói tốt,1625
30399,vanessanelson,5/1/2024 22:30,10,Miến xào hải sản của quán này ngon nha mọi người. Mực mềm giòn lắm. Ngon xỉu! Đóng gói tốt Giá phải chăng No căng bụng Thích: Miến Xào Hải Sản ( Đĩa Thường),1625
30400,foodee_myOvnjhx,2/1/2024 14:45,1,"Mình xào giòn, hơi vụng ko giống như những chỗ mình hay ăn. Sợ mì vụng nhỏ, ko giòn. Mong đầu bếp khắc phục để ngon hơn, thiện chí đánh 5* Thích: Cơm chiên Dương Châu",1625
30401,Ẩn Danh,28-12-2023 21:36,1,Chiên non .khô nhạt,1625
30402,Ẩn Danh,28-12-2023 13:47,10,Yummy Yummy Yummy Yummy Yummy Yummy Yummy Yummy Yummy Yummy Thích: Cơm chiên hải sản,1625
30403,foodee_n2zguOtu,11/12/2023 18:11,1,Mì k ngon .50k được ít đồ ăn quá,1625
30404,Mẫu nghi thiên hạ,28-11-2023 18:03,10,"ngon, ăn quài k ngán, 10 điểm, ship hơi đắt, nchung là ngon nhaaaa Ngon xỉu! Đóng gói tốt Giá phải chăng No căng bụng",1625
30405,Thu Hiền Bùi Nguyễn,25-11-2023 12:59,10,"Ngonnnn lắm nha, giao tới còn nóng hổi, đóng gói cẩn thận, nói chung 10 điểm không có nhưng Ngon xỉu! No căng bụng Đóng gói tốt Giá phải chăng",1625
30406,foodee_5tclkg7b,25-11-2023 12:54,4,k hài lòng lắm so voi mức giá 73k app,1625
30407,Bích Trâm Nguyễn Ngọc,22-11-2023 14:40,1,"Cơm chiên thì như cơm trắng, tôm với mực xào còn chưa chín trắng hếu, ăn vô còn bị hôi, cho thêm sate thì đưa cái bọc lủng chảy ra hết cũng như không, nói chung tệ phí tiền Không giống hình Không vệ sinh/an toàn",1625
30408,phungthanhthanh2k,22-11-2023 13:26,1,"62k cả ship mà chỉ có 1 con tôm với 2 miếng mực bé tí, hủ tiếu thì hơi cứng, toàn rau cải “ vị bth, thất vọng.",1625
30409,Xanh Táo,3/11/2023 20:30,10,Ngonnnnnnnnnnnnnnnnnnnnnnnnnnnnnnnnnnnnnn nnnnnnnnnnn Thích: Cơm chiên hải sản,1625
30410,Ẩn Danh,3/11/2023 15:34,10,Kccndnndbcncncncjcnfnfnfjfnfnfnfjcjdkdkdjdndnbdb dnd Ngon xỉu! No căng bụng Đóng gói tốt Giá phải chăng Thích: Cơm chiên đùi gà,1625
30411,Ẩn Danh,2/11/2023 19:00,10,Đóng gói tốt No căng bụng Ngon xỉu!,1625
30412,Xanh Táo,2/11/2023 14:57,10,Cơm chiên dương châu ngon Ngonnnnnnnnnnnnnnnnnnnnnnnnnnnn Thích: Cơm chiên Dương Châu,1625
30413,Mẫu nghi thiên hạ,31-10-2023 20:50,10,"cơm ngon, ăn quài k ngán, lói chung k biết lỗi gì nhiều nma ngon lúm Ngon xỉu! Đóng gói tốt Giá phải chăng No căng bụng",1625
30414,Xanh Táo,29-10-2023 20:28,10,"Ngonnnnnnnnnnnnnnnnnn Ngonnnnnnnnnnnnnnnnnn Ngonnnnnnnnnnnnnnnnnn Gửi lời khen của bạn Ngon xhil Đóng gói tốt No căng bụng Giá phải chăng. Bạn hãy để lại binh luận tại đây nhé! Mọi thắc mắc về đơn hằng, bạn vui lòng liên hệ ShopeeFood bằng cách chọn Hỗ trợ tại góc phải màn hình Thêm 50 ký tự +1 ảnh để nhân 500 XU Thích: Cơm chiên hải sản",1625
30415,Ẩn Danh,23-10-2023 23:37,10,Ngon ah dhdhdbbdbdbdjdhdbdbdbbhbbsbdbdbdbdb dbdbbdbdb Thích: Hủ tiếu xào hải sản,1625
30416,ngoc_hann24082004,22-10-2023 11:20,6,"Cơm chiên ăn tạm được, cơm có và hehshshshjejsjssjsjsjsjjs",1625
30417,An Nguyễn,22-10-2023 10:40,10,"Món ngon, đói quá ăn ngay quên chụp ảnh, Với mình thì hơi nhạt, nhưng ngon, chỉ cần dùng mực hàng tươi là chuẩn luôn, sẽ ủng hộ tiếp Ngon xỉu! Đóng gói tốt No căng bụng Thích: Miến Xào Thập Cẩm ( Đĩa Thường) Hủ tiếu xào hải sản Cơm Chiên Dương Châu Trứng Muối,",1625
30418,Mẫu nghi thiên hạ,2/6/2023 19:29,10,"ngon, ăn quài k ngán, hấp dẫn, nên thử nha, lói chung ăn quài nên k bíc lói gì nữa Ngon xỉu! Đóng gói tốt Giá phải chăng No căng bụng Thích: Cơm chiên hải sản",1625
30419,Ngọc Bảo,30-05-2023 17:35,1,E đặt nuôi mà s ra cơm z ạ?,1625
30420,Lan,28-05-2023 12:02,10,lần đầu tiên oder ngon sẽ quay lại ak...đanh gia trước rồi ăn sau hdjsiwjdbnd ùieooedjdk,1625
30421,nhimy_,27-05-2023 23:02,10,"ăn ngon quá quên chụi lunn, ngon như lần đầu ăn nui xào nghe mùi chảo í, còn cơm chiên thì toẹt vòiiiii❤ Thích: Cơm chiên hải sản Nuôi Xào Bò",1625
30422,tuyetngan_260604,24-05-2023 17:44,4,Cx đc,1625
30423,phuong_pham.97,24-05-2023 11:47,8,Tất cả đều ngon! Nhưng nhiều đâu quá ạ,1625
30424,Ẩn Danh,18-05-2023 11:47,10,Ngon ngon ngon ngon ngon ngon ngon ngon ngon ngon ngon ngon ngon,1625
30425,Ẩn Danh,16-05-2023 11:44,10,Ngon ngon ngon ngon ngon ngon ngon ngon ngon ngon ngon ngon ngon,1625
30426,Ẩn Danh,16-05-2023 10:46,10,U9kk0ko8h6guh8j8yu9u9u8h7giyo7yuyiy5uhluit6yiojo ngon ipipili,1625
30427,Ẩn Danh,13-05-2023 11:45,10,Ngon ngon ngon ngon ngon ngon ngon ngon ngon ngon ngon ngon ngon ngon,1625
30428,Ẩn Danh,11/5/2023 18:41,10,Ngon,1625
30429,Linh My,9/5/2023 17:52,1,Đặt mì ý xào bò mà giao mì cọng bự xào bò. Cọng mì ý khác mì cọng bự cơ mà Không giống hình Sai/Thiếu món,1625
30430,Ẩn Danh,9/5/2023 11:49,10,Ngon ngon ngon ngon ngon ngon ngon ngon ngon ngon ngon ngon ngon ngon ngon ngon,1625
30431,Ẩn Danh,9/5/2023 8:25,10,NsnxnxnxenncncnxndndncjxjdjsjznxckmmZnnznzndb dbcnfj Ngon xỉu! No căng bụng Đóng gói tốt Giá phải chăng Thích: Miến Xào Hải Sản ( Đĩa Thường),1625
30432,Ẩn Danh,8/5/2023 13:37,10,Ndnxnxncncncnccbbc cf tyugggghgghvxzzzdjfjfjfjfjjfjfd Đóng gói tốt Giá phải chăng Ngon xỉu! No căng bụng Thích: Cơm chiên hải sản,1625
30433,Ẩn Danh,7/5/2023 21:27,10,"Ngon, như người ta gọi là ruốc hả lạ mắt và con người là tới nay e có kinh nghiệm ạ",1625
30434,Ẩn Danh,7/5/2023 21:25,6,"Ngon nhen, hơi ít thịt, hình ảnh chỉ mang tính chất minh họa như",1625
30435,Mạch Phương Lê,7/5/2023 20:53,10,Khá ngon.......,1625
30436,phamthu01062000,7/5/2023 13:19,10,Ngon ok tốt ăn no luôn nha hộp to bự bún nhiều ok nha..-..-:333333 Ngon xỉu! Đóng gói tốt Giá phải chăng No căng bụng Thích: Bún gạo xào hải sản,1625
30437,Ẩn Danh,6/5/2023 10:28,10,"Vẫn như mọi lần, ăn ngon vừa vị, đồ ăn nhiều thêm chút nữa thì hoàn hảo hơn. Đánh giá 5*. Ngon xỉu! Đóng gói tốt Thích: Miến Xào Hải Sản ( Đĩa Thường) Mì gói xào bò",1625
30438,Ẩn Danh,10/7/2022 14:58,10,Món ngon ăn quen nhiều lần rồi giá k mắc cũng k rẻ,1625
30439,Mỹ Hằng,9/7/2022 12:29,10,Okkkkkkkkkkkkkkkkkkkkkkkkkkkkkkkkkkkkkkkkkkkk kkkkk LOK!!,1625
30440,Xanh Táo,7/7/2022 23:13,10,Ngonnnnnnnnnn------------------------onnn nnnnnnnnnnnnnnnn Gửi lời khen của bạn Ngọn xinh Đóng gói tốt. No căng bụng. Giá phải chăng Hãy chia sẻ đánh giá về đơn hàng và món ăn/sản phẩm nhé!,1625
30441,Xanh Táo,7/7/2022 23:12,10,Ngonnnnnnnnnn---------------------------n nnnnnnnnnnnnnnnn Gửi lời khen của bạn Ngon xinh Đóng gói tốt. No căng bụng. Giá phải chăng. Hãy chia sẻ đánh giá về đơn hàng và món ăn/sản phẩm nhất,1625
30442,Xuân Giang,6/7/2022 17:13,10,"Món ăn được, món ăn được, món ăn được, món ăn được Choco PN",1625
30443,Ẩn Danh,3/7/2022 12:02,10,Ngonnnnnnnnnnnnnnnnnnnnnnnnnnnnnnnnnnnnnn nnnnnnnnnnn,1625
30444,Ẩn Danh,2/7/2022 17:23,10,"Quán khá mát mẻ vào buổi sáng, nhân viên thân thiện nhiệt tình. Đồ uống giá cả vừa phải ko mắc cũng ko rẻ, thức uống ngon. Không gian bài trí trong quán khá thông thoáng, mang tính chất nhận xu No căng bụng Thích: Hủ tiếu xào hải sản",1625
30445,Ẩn Danh,29-06-2022 15:56,10,Ngon,1625
30446,Xanh Táo,29-06-2022 15:56,10,Ngonnnnnnnnnn--------------------------nn nnnnnnnnnn Quán Ăn Minh Ký - Ấm Thực Việt Hoa Hãy chia sẻ đánh giá về đơn hàng và món ăn/sản phẩm nhé!,1625
30447,xuka,2/7/2022 17:23,10,ngon Thích: Hủ tiếu xào hải sản,1625
30448,Ẩn Danh,29-06-2022 15:56,10,Ngon ahqhqhquqiqoqoqoqoqoqoqowiwiwiwiwiiwwiwiwiisjej,1625
30449,Xanh Táo,26-06-2022 14:40,10,Ngonnnnnnnnnnnnnnnnnnnnnnnnnnnnnnnnnnnnnn nnnnnnnnnn Quán Ăn Minh Ký - Ẩm Thực Việt Hoa Thích: Cơm chiên hải sản,1625
30450,Ẩn Danh,18-06-2022 11:13,1,Bạch tuột tanh xào chưa chín tới Thích: Cơm chiên bò xào,1625
30451,Ẩn Danh,9/6/2022 15:14,10,Ngon. Abcdefghijklmnopqrstuvwxyz bdhjaincujsnsusisnsh Thích: Cơm chiên hải sản,1625
30452,Nguyễn Thanh Trúc,9/6/2022 8:57,10,Hình ảnh mang tính nhận xu. Đồ ăn quán lúc nào cũng ngon.,1625
30453,Hà Nguyễn,6/6/2022 19:51,6,Cơm chiên hơi khô Đóng gói chưa tốt,1625
30454,Ẩn Danh,5/6/2022 23:39,10,Ngon ngon ngon tuyệt vờiNgon ngon ngon tuyệt vờiNgon ngon ngon tuyệNgon ngon ngon tuyệt vờit vờiNgon ngon ngon tuyệt vờiNgon ngon ngon tuyệt vờiNgon ngon ngon tuyệt vời,1625
30455,Ẩn Danh,3/6/2022 18:16,10,"Tôi Đặt 1 Phần Cơm Chiên Bò Xào Cải Cỡ Lớn Nó Nhiều Hơn Tôi Tưởng, Cơm Chiên Nóng Ngon, Bò Xào Cũng Như Vậy, Ủng Hộ Lâu Dài. Ngon xỉu! Đóng gói tốt No căng bụng Thích: Cơm chiên bò xào cải",1625
30456,Tú Nguyễn Thị,2/6/2022 19:00,1,chắc là k hợp khẩu vị với mình nên thấy hủ tiếu k ngon,1625
30457,Hồ Lê Trúc Quỳnh,1/6/2022 21:26,10,Ngon nnnnnnnooooooooooooooooooooooonnnnnnn nnnnnnnnnnn,1625
30458,Ẩn Danh,15-05-2022 12:51,4,"cơm tạm được Khẩu phần ít Phản hồi từ Quán: Nếu bạn có mua lần sao, quán sẽ không phục vụ, bạn cầm tiền rae chợ tự phụ vụ mình nha,",1625
30459,TrjnhGumiho_2010,14-05-2022 11:55,10,"Món ngon. Đóng gói cẩn thận, ăn mấy lần rồi -- Ngon xỉu! Đóng gói tốt No căng bụng",1625
30460,nhuquynh992003,13-05-2022 15:30,10,Ngon xỉu lun. Nóng hỏi vvvvvvvvvv tiếp Ngon xỉu! Đóng gói tốt viv v sẽ còn ủng hộ quán Giá phải chăng No căng bụng,1625
30461,Ẩn Danh,12/5/2022 14:42,10,Okkkkkkkkkkkkkkkkkkkkkkkkkkkkkkkkkkkkkkkkkkkk kkkkk,1625
30462,suka1987,11/5/2022 19:15,10,Giao hàng nhanh chóng chất lượng sản phẩm tốt hơn nhiều so với mức giá,1625
30463,mjsstram112,11/5/2022 17:19,10,"Tại ăn hết rồi nên hổng có hình ảnh đánh giá.Giá rẻ,mỳ xào vừa miệng. Cơm thì hơi khô xíu thôi. Ngon xỉu! Đóng gói tốt Giá phải chăng No căng bụng Thêm ảnh Thêm tinh để nhận 500 xu Đánh giá của bạn về sản phẩm Canh Cái Tôm Mì gói xào hải sản 97/500",1625
30464,soasoa,11/5/2022 16:20,10,ngon. hợp khẩu vị mình. ăn hết vẫn chưa no chưa đã lần sau sẽ mua nữa Ngon xỉu! Thích: Hủ tiếu xào hải sản,1625
30465,linhlungg22,7/5/2022 14:50,10,"Mình thấy nêm nếm món ăn vừa miệng, vc mình đã no nhưng ngon nên vẫn ăn cố. Nói chung là ngon Ngon xỉu! No căng bụng Đóng gói tốt Giá phải chăng Thích: Bánh Mì Bò Kho Canh Cải Thịt Bằm Nuôi Xào Bò",1625
30466,Ẩn Danh,7/5/2022 13:45,10,"Ngon lắm rất hợp khẩu vị của mình, sẽ quay lại ủng hộ a kkkkkkkkk",1625
30467,Nguyễn Thanh Trúc,1/5/2022 15:04,10,Món nào cũng ngon.,1625
30468,Ẩn Danh,29-04-2022 19:17,10,"Giao nhanh nha. Rất vừa miệng, có điều góp ý quán hơi ít rau xào nha. Hình ảnh chỉ mang tamh! Thích: Bún gạo xào hải sản",1625
30469,suka1987,28-04-2022 22:03,10,Giao hàng nhanh chóng chất lượng sản phẩm tốt hơn nhiều so với mức tăng,1625
30470,Thu Giàu,26-04-2022 10:23,10,Ngon nè Ngon xỉu! Đóng gói tốt No căng bụng,1625
30471,Ẩn Danh,23-04-2022 11:47,6,"Giá phải chăng Lần trước mình đặt phần lớn, lần này đặt phần đặc biệt nhưng thấy không có gì khác biệt giữa hai phần luôn, tôm và mực cũng không có thêm, lượng mì giòn cũng y hệt nhau, ko biết quán đông khách rồi làm sai hay có vấn đề gì khác nhưng mình thật sự rất thất vọng, chắc sẽ không mua lại lần nào nữa. Khẩu phần ít",1625
30472,hanhan_mon,21-04-2022 21:46,10,khuya rồi... món ăn còn nóng giao nhah... ngon nữa còn gì bằng. dong goi sạch sẽ Đóng gói tốt Giá phải chăng Ngon xỉu! No căng bụng Thích: Mì gói xào bò Miến Xào Hải Sản ( Đĩa Đặc Biệt),1625
30473,Ẩn Danh,21-04-2022 13:33,10,Okkkkkkkkkkkkkkkkkkkkkkkkkkkkkkkkkkkkkkkkkkkk kkkkk,1625
30474,Thục Nhi,20-04-2022 13:17,10,Đồ ăn vẫn còn nóng . Vừa ăn . Ngon . Sạch sẽ . Giá cả hợp lí . Không thiếu món Thích: Hủ tiếu xào hải sản Mì giòn xào thập cẩm Cơm chiên bò xào cải,1625
30475,Ẩn Danh,19-04-2022 17:30,10,Ngonnnnnnnnnn mnnnnnnnnnm nhaaaaaaaaaaaaaaaaaghkkhgfrhhh Thích: Nuôi Xào Bò,1625
30476,Thục Nhi,20-04-2022 13:17,10,Đồ ăn vẫn còn nóng . Vừa ăn . Ngon . Sạch sẽ . Giá cả hợp lí . Không thiếu món Thích: Hủ tiếu xào hải sản Mì giòn xào thập cẩm Cơm chiên bò xào cải,1625
30477,Ẩn Danh,19-04-2022 17:30,10,Ngonnnnnnnnnn monnnnnnnnm nhaaaaaaaaaaaaaaaaaghkkhgfrhhh Thích: Nuôi Xào Bò,1625
30478,Ẩn Danh,17-04-2022 16:46,10,Hình anbr mang tính chất nhận xu sâm nghệ mật ong hỗ trợ điều trị đau bao tử nha mn,1625
30479,Ẩn Danh,15-04-2022 13:18,1,thịt bò kho rất cứng,1625
30480,suka1987,12/4/2022 6:22,10,Giao hàng nhanh chóng chất lượng sản phẩm tốt hơn nhiều so với mức tăng Lucy Nail,1625
30481,Ẩn Danh,6/4/2022 12:22,10,"Vừa ăn, gọn gàng, vệ sinh, giá cả hợp lý",1625
30482,thanh nhi1003001,6/4/2022 11:59,1,"ĐẶT 1 PHẦN CƠM CHIÊN TÔM TRỨNG MUỐI VÀ 1 CẢNH RONG BIỂN CUỐI CÙNG GIAO CƠM CHIÊN BÒ VỚI MÌ XÀO BÒ LÀ SAO? Sai/Thiếu món Phản hồi từ Quán: À, vậy là mấy e ship lấy đơn hàng giao lộn cho khách rồi, mà không phải lộn bên đây không mà còn lộn khách đặc bên kia nữa,chứ quán bán lâu năm quán không bao giờ làm ăn như vậy được, nếu có hết món thì quán gọi trực tiếp khách hỏi đổi món chứ quán k",1625
30483,Ẩn Danh,3/4/2022 19:46,4,"Mỳ và cơm ăn cũng được ạ! Nhưng mực khá dai ! Đồ ăn nch cũng tạm ổn, giá cũng không hẳn là rẻ, nhưng về chất lượng cũng ổn chứ không hẳn là xuất sắc ạ! Thích: Mì giòn xào hải sản Cơm chiên hải sản",1625
30484,Hồng Nhi,3/4/2022 1:26,10,Hdhsjwnjsjsjshjdnnznsnsjjsjsjsjbdbdbdbsjsjjsjsjdjjdjd jjsjsjdjdnndndjdjdnbdndndndnbdbdbdjdbbdndhjdjdjd nndndkkdjdjdjdudjdjdhhdhdjdjdjjdjdjdjdjhdhdhdhdbbd bdnskkskskksksjsjsjbsbdbbdbdbbdbdbdjjdndnjdjdnn dbdbbdbdbdjdjdjndbdhdhdbhdhdhdhhdhdhdhdhshsh hshdbsbdbdbdbdbbdbsbdhdbshsjhsjsjsjdjjdjdijsnejdn jdjndnbdhhdbdbdbbdbbdbdbdbhdjdhhdjsjjsjsjdjjdjdjd jdjsbhshshsjsjsjsjjsjdjjdjdjdhdjjdjdhdjdjhdhdhhdbbdbd bdbbdbdbdbbdbdbbdbdbbdbdbdbdhdjjdjdjdjdjdjhdhd bdbdbdbbdbdbdndjjdjfjfjjdjdjdjdnbdbdbdbdbdbbdbbd nóng ngon bdbdbbdbdbdbd Ngon xỉu! Đóng gói tốt Giá phải chăng No căng bụng,1625
30485,Hồng Nhi,3/4/2022 1:24,10,nêjekjejwkwkkaksksmksmsnsbsnsjjsksnsmdkks kdnjdjdndndnndmdkdisinsmsnndkdkndndnfjjdnd nndndnndndnndndjbdbdnndndnndndjdjjdbdbndnd jdjndnbdjxjd dnndndndndnndnxndnndndndndjidj jdbdbdbdbdbbdbsbsbbsbdbsbsbbdbdbsbsbbsns nsnsnsnnsnsnsndndnsnsnsnnsnsjjwjsjsjnsbsbbs bdjxjjsnsnsnnsnsnsnnsnsnsnsnndnxjjdnsnsnnd nsnsnsnsnndndnnsndndbdbbdbdbdbdndndnndns bnsbsbbdbbsnbdbbdbdbbdbdbbdbbdbdbdbnsndn djdjdnndndnndndndnndndndbdbdbdbbdbdb jdjsjdndbndjdjdnndjdjdhdbbdbdbdbdhhdbshd nóng ngon dbdbbdbdbdbbdbdbebbsbdbdbshhsjsjjdjsjsjdjdjdjjsjsj,1625
30486,chuhuong2707,2/4/2022 12:05,10,Hkz nbcnvjgdhfmzkhfxkhfzykrmxhk mugzhg Ijclyrjkcluh kỳ h ngon,1625
30487,Cop Be,30-03-2022 12:21,1,Kg hợp lí vs giá. Bún xào nhão nhiều dầu mỡ. Không hợp khẩu vị,1625
30488,hanhkhanhshop.,25-03-2022 20:29,6,Hải sản rất ngon và tươi nhưng phần miến hơi nhũn kg hợp khẩu vị mình cho lắm,1625
30489,My Huỳnh,20-03-2022 17:22,1,"Đặt phần lớn mà giao phần nhỏ, ko kiểm tra lại món trước khi giao shiper. Sai/Thiếu món",1625
30490,Mỹ Hằng,20-03-2022 15:41,10,Okkkkkkkkkkkkkkkkkkkkkkkkkkkkkkkkkkkkkkkkkkkk kkkkkkk OKI,1625
30491,Ẩn Danh,18-03-2022 11:50,10,"Món ngon, đóng gói tốt. Ngon xỉu! Đóng gói tốt No căng bụng Giá phải chăng Thích: Cơm Chiên Tôm",1625
30492,Mỹ Hằng,16-03-2022 20:11,10,Okkkkkkkkkkkkkkkkkkkkkkkkkkkkkkkkkkkkkkkkkkkk kkkkkkk LOK!!,1625
30493,Như Nguyễn,14-03-2022 13:32,10,Thích: Nuôi Xào Thập Cẩm,1625
30494,Ẩn Danh,10/3/2022 23:42,10,Okkkkkkkkkkkkkkkkkkkkkkkkkkkkkkkkkkkkkkkkkkkk kkkkkk Thích: Mì giòn xào hải sản,1625
30495,Cherry,8/3/2022 12:12,10,Giao hàng nhanh,1625
30496,Ẩn Danh,7/3/2022 18:21,8,Miếng ngon lắm luôn quá xào vừa ăn nhưng mà hơi mềm dai tí nữa thì ngon hơn an,1625
30497,Ẩn Danh,5/3/2022 18:55,1,"Nhìn hộp cơm chán z trời,đúng là hình ảnh minh hoạ Không giống hình",1625
30498,Beo Gin Ben,4/3/2022 15:08,10,Ok okokokxjdjdjsjsj jjdjdjsdkskk sẽ không có nhiều người có một số tiền mặt và không thể hiện là người dân ở đây không có nhiều người khác là một Ngon xỉu! Đóng gói tốt Giá phải chăng No căng bụng Thích: Mì giòn xào thập cẩm,1625
30499,Ẩn Danh,4/3/2022 8:21,10,Lấy tạm ảnh khác vì ăn hết rồi mới nhớ chưa có ảnh. Món ăn tạm ổn giao đến vẫn còn ấm.,1625
30500,Ẩn Danh,3/3/2022 8:11,6,tạm ổn!!!!!!!!!!!,1625
30501,Hồng Nhi,4/3/2022 8:21,10,Hdbdjdjkdkdkdjndndnjdndnndndjdjdjdkkdjdudhdhheh bdbdbbdndndnmdmdkdkidjdjdjdnndndndndnndndnn jdjhdhdbbdbdbdbbdbdbdnjdjdjdjjdjdjjdjdjdjjdjdnndndn dnndndndndnndndndndnndndndnjdjdkkdkdkkdmdm mdmdmmmdmdjdkkdkdmdmjfjdjjdjdhdhdhbdbdbbdb dbndbdbdjhdndbdbdbbdbdbbdjdkdkosoeknebdbdj d dbdbdb djdjdjjsnndndndnndndjdjjsjsjjsjsjsjjsjsnsnjsjd dndnndbdbdbdbdbbdbdbbdbdbdbbdbbdbdjdjjdndnd ndnbdbdbdbdbbdbdbdhjdjdnbdbdbdbbdbdbdbdbbdb dbdbbdbdbjdiekjênnebbebebebejejejjejekdooeoeoek kekekkekejejejjejejejejjejejejjejejejjejejej Ngon xỉu! No căng bụng Đóng gói tốt Giá phải chăng,1625
30502,Ẩn Danh,3/3/2022 8:11,6,tạm ổn!!!!!!||||||,1625
30503,Hồng Nhi,2/3/2022 23:55,10,Hdbdjdjkdkdkdjndndnjdndnndndjdjdjdkkdjdudhdhheh bdbdbbdndndnmdmdkdkidjdjdjdnndndndndnndndnn dbdbdb djdjdjjsnndndndnndndjdjjsjsjjsjsjsjjsjsnsnjsjd jdjhdhdbbdbdbdbbdbdbdnjdjdjdjjdjdjjdjdjdjjdjdnndndn dnndndndndnndndndndnndndndnjdjdkkdkdkkdmdm mdmdmmmdmdjdkkdkdmdmjfjdjjdjdhdhdhbdbdbbdb dbndbdbdjhdndbdbdbbdbdbbdjdkdkosoeknebdbdj d dndnndbdbdbdbdbbdbdbbdbdbdbbđbbdbdjdjjdndnd ndnbdbdbdbdbbdbdbdhjdjdnbdbdbdbbdbdbdbdbbdb dbdbbdbdbjdiekjênnebbebebebejejejjejekdooeoeoek kekekkekejejejjejejejejjejejejjejejejjejejej Ngon xỉu! No căng bụng Đóng gói tốt Giá phải chăng,1625
30504,Hồng Nhi,2/3/2022 23:54,10,Gdvdbdndnndjsiiebdbdndnndnnndndnndndnndjdbd dnndndmdkjdndndndidjndndndndndnndndnndndndn ndndjdjdnndndndndnndndndnjdjdjdmmmdmdmmsm nsnndndbbdhdbdbdhdjjdjhdndnbdbbdbbdbdndjdjndn dndnndnndndnndjdjdndnndndndndbdndnndndnndnd hdudidjndndndndndnndkkdkdkdkdmndndndndndnnd ndndnndndjdjdididjjdhehebebebbebebendmdmmdm dmdmmdmdmdmdmdmmdndbdbdbbdbdbdbbdbdbd bbdbdbdbbdbdbdbdbdbdnkdkkdkdmmsksmmsnndn dndjijrndnndnbdbdbdv d d. dbdbdbdnkdkdmmdmndn dndndnjdjdjndndndnndndndnndndndnndndndnndnd ndnndndndndndnndnfjfjkdkdkndndndn Scoo,1625
30505,Hồng Nhi,2/3/2022 23:52,10,Hhhnjjmfndnsksnnsmslsosjenendjenndndmdndndkk dmdndndndnndbdhfjdnndndnsmdudjdnndndndndnn dndndndndndnjdjdjdjdnndndndndbsbsbsnsnsnnsjsn sbdvhdjdkdindndndndndnnsndndndndndndndndnnd ndndnndndndnfhfjnfndndnmdmfkfndndndnndndndn ndhhejenndnjdjdjdbbdhfjdjjdjdndnndndndnndndndnd nnndnnndjjdnnndndnndnndnnndndndnndnjkdkdkjjnn nnnndnnnndndnnndjjnndndnnndndjdjndndnndnndnd ndnndndndndjjdjdjdndndmdmmdmdmmdmdmdmmd mmdmdmdmmdmdmdmdmmdndndndnndndndndnd ndndndndndnndnndndjdhhdhhdbdndndndnndndndn dnndndndndndnndjdjdjdjdjndndnd Ngon xỉu! No căng bụng,1625
30506,tinhtrucloc,28-02-2022 09:25,10,Ngon........ Ngon xỉu! Đóng gói tốt Giá phải chăng No căng bụng,1625
30507,suka1987,27-02-2022 21:58,10,Giao hàng nhanh chóng chất lượng sản phẩm tốt hơn nhiều so với mức tăng,1625
30508,Ẩn Danh,26-02-2022 11:51,10,endnenndennenennenenevsbsbsnsnsnnsndndjdjdjd ndnnendndndndnndndndndndnmdmdkdnjdjdjdndnd ndnndndndndnndndnndndndjjdjsnsknsndndbbebdbd bdbbdbebdbbdbdbbdjdjemkekejjejdndjjdjdjudjenkdkd kdjjdjdjdjjdjdjdjejejjdhehdbhdhdbdbbdbdbdbbdbdbdb hehehebebndkdkdkkekskskjsnsnsnnennfndnndndbb ebebbebebbebbebdbebbebdjjdkdmdnmdmdmennen ejdjjejejhebebebebebbebebebebbebejjekekekkekekd jjdjdjdjjdjdjejdjhejrjrjjdjebebbenebebebbebdbdbbdbdb dbbdndkdksmjsnsnsnsnjsjsjsjsjjsjsjsjjsjdjdjjdjdjdjjsnd mdkdkkskskmsnendnndnennenenennnnnnn,1625
30509,Ngô Thuỷ Tiên,23-02-2022 11:17,1,Đặt cơm chiên bò xào mà giao cơm chiên tôm. K có bò,1625
30510,Ẩn Danh,17-02-2022 13:09,10,Nfkdkdkekdkkdkdkdkdkdkkdkkdkdldldldlldkfkcjjfidjejj djjd Thích: Nuôi Xào Bò,1625
30511,Thuý Vy,16-02-2022 17:36,10,Hủ tiếu ngon,1625
30512,Ẩn Danh,11/2/2022 11:41,10,Món ngon.. Đóng gói tốt Giá phải chăng No căng bụng Thích: Cơm chiên hải sản,1625
30513,Ẩn Danh,8/2/2022 21:35,10,Ytguydyytfyiohutdfyihivgetsguiyrdtugrtihibhhiiycdtygc guonkhhuvùhkjpgudfugonkpkpkpjj Ngon xỉu! No căng bụng Đóng gói tốt Giá phải chăng Thích: Mì giòn xào thập cẩm . Hủ tiếu xào thập cẩm,1625
30514,Duyên Phương,8/2/2022 19:09,10,"Mig xào ăn ngon, nui hơi ngán nói chung ổn, sẽ ủng hô",1625
30515,Ẩn Danh,7/2/2022 21:04,10,Nói chung đồ ăn rất ok kh hề mắc cũng rất ngon good!!!,1625
30516,Ẩn Danh,3/2/2022 21:07,10,Oki ổn áp giá ổn mùa Tết ngon,1625
30517,Ẩn Danh,1/2/2022 10:06,10,Mi xao sieu ngon. Se tiep tuc ung ho quan minh nua trong tuong lai nua nha,1625
30518,Giang Truc,31-01-2022 21:37,10,"chưa kịp up hình thì đã hết sạch,sẽ còn ủng hộ quán Ngon xỉu! Đóng gói tốt Giá phải chăng No căng bụng",1625
30519,Ẩn Danh,28-01-2022 11:27,10,"Ngon lắm lắm nha, đồ ăn nhiều, no căng bụng luôn mn ak Ngon xỉu!",1625
30520,Mỹ Hằng,26-01-2022 23:36,10,Okkkkkkkkkkkkkkkkkkkkkkkkkkkkkkkkkkkkkkkkkkkk kkkkkkkkkkkk OK!!,1625
30521,Thúy Thúy,25-01-2022 23:29,10,Hshdidbdbdjdbdjdjbdbdjdbdjfjbfjfjfbfbfjfjdjhdhdjdjjf,1625
30522,Mỹ Hằng,25-01-2022 10:04,10,Okkkkkkkkkkkkkkkkkkkkkkkkkkkkkkkkkkkkkkkkkkkk kkkkkkk LOK!!,1625
30523,Ẩn Danh,24-01-2022 09:41,10,Món ngon Món ngon Món ngon Món ngon Món ngon Món ngon Món ngon Món ngon Món ngon Món ngon Món ngon Món ngon Mì gói xào hải sản Canh rong biển tôm Mì gói xào bò,1625
30524,Nhi Lê,23-01-2022 20:12,1,so với vị của mk thì mình thấy hơi mặn ạ. hơi k hạp khẩu vị mk lắm Không hợp khẩu vị,1625
30525,Ẩn Danh,23-01-2022 20:11,10,"Mi ngon, canh ngon, se tiep tuc ung ho quan minh nua trong tuong lai",1625
30526,D Thùy Dung,1/3/2021 15:24,10,Đồ ăn ngon )))):):)):’djdkembdndkenendnxndjejjenebe bensnsnnn,1625
30527,Ẩn Danh,23-02-2021 14:58,10,NG00000000000000000000NN? NNNNNNNNN~~~~~~~NNNNNMMNNNN,1625
30528,foodee_lgfl0dy8,16-02-2021 19:10,1,Quán quá mất dạy. Bán rất là đắt phần đặt biệt thua phần 40k. Làm ăn ko đàng hoàng. Thiếu nước chấm nữa. Thật sự quá tệ Đóng gói chưa tốt Không giống hình,1625
30529,Ẩn Danh,16-02-2021 15:07,10,Quán làm món vừa ăn. Giá hợp lý. Tết nhưng giá vẫn không thay đổi. Ngon xỉu! Đóng gói tốt Giá phải chăng Thích: Mì giòn xào hải sản,1625
30530,foodee_z3bfn6j1,13-02-2021 12:18,1,Đặt 2 chai chè dưỡng nhan mà bị hết hạn. Uống bị *** Sai/Thiếu món,1625
30531,Dũng Nguyễn,6/2/2021 14:06,4,Món ăn chỉ vừa ăn. Hơi dở. Có mấy miếng mực mà ăn chả vừa miệng gì,1625
30532,thaonguyen_thaolee,6/2/2021 13:43,4,Cơm chưa đạt chất lượng của giá 40k. Mong quán xem lại. Nước uống thì khó Ok. Không giống hình Thích: Nước uống chè dưỡng nhan . Cơm chiên bò xào,1625
30533,Ẩn Danh,6/2/2021 3:08,1,"Cơm chiên không giống như hình, đen thui, mặn không thể ăn được Không giống hình",1625
30534,Van Pham,3/2/2021 14:39,10,"Ăn tại quán nhiều lần rồi, cơm chiên, nuôi xanh, cany cải đều rất ngon.",1625
30535,Mẹ sôna,2/2/2021 10:50,6,"Ăn dc, nhìn ko hấp dẫn lắm.",1625
30536,Võ Hạnh,29-01-2021 19:07,1,Không ngon Không giống hình,1625
30537,Ẩn Danh,28-01-2021 12:04,8,"Đã đặt lần thứ 2, ưng cái bụng, vị nêm vừa ăn, mì giòn, nói chung là ok Thích: Mì giòn xào hải sản Cơm chiên bò xào cải",1625
30538,Tranq Huỳnh,26-01-2021 12:15,10,ngon nk...2737363636633663535352525252525255 25252262662,1625
30539,Đinh anh,24-01-2021 17:46,1,R kb hộp cơm 40k với 60k khác nhau cái j luôn Sai/Thiếu món Thích: Mì gói xào bò,1625
30540,Như Trần,19-01-2021 10:23,10,Ngon xỉu!,1625
30541,hoang-anh,17-10-2020 19:15,8,"Giá 40k nhưng rất nhiều mực, hải sản. Khá rẻ nhưng vị hơi mặn. Nên ghi chú thêm nếu muốn quán làm không mặn nhiều Ngon xỉu! Đóng gói tốt Thích: Hủ tiếu xào hải sản Giá phải chăng Phản hồi từ Quán: Cám ơn quý khách đã ủng hộ, quán sẽ khắc phục, cám ơn khách góp ý,",1625
30542,hùng,13-10-2020 19:29,1,"Quán làm không ngon, quá tệ. Không đáng 50.000/ phần. Không bao giờ quay lại Không giống hình Phản hồi từ Quán: Quán Minh ký, thành thật xin lỗi khách hàng Hùng, tôi là chủ quán có hỏi lại nhân viên, vì hôm đó quán lu bu quá nhân viên có giao lộn cho khách hàng, quán thành thật xin lổi, lần sau khách có đặc món lại, quán xin giảm 50 phần trăm trên tổng số tiền",1625
30543,Thu Hiền Tạ ,7/10/2020 14:56,10,cũng khá là ổn,1625
30544,thái hiền,5/9/2020 13:14,8,Ăn được,1625
30545,Phúc Quắn,28-08-2020 12:01,10,Rất ngon Ngon xỉu! Thích: Mì giòn xào hải sản Hủ tiếu xào hải sản,1625
30546,Ẩn Danh,26-07-2020 12:15,1,"Đồ thiu... ăn bị đâu bụng trúng thực. Nấu rất dở Không vệ sinh/an toàn Phản hồi từ Quán: Nghĩ sao quán bán đồ thui,đồ bán Hải sản lấy tại chợ Bình điền hàng ngày, nếu quán bán đồ oi thui thì quán đóng cửa từ lâu rồi, không để lên bình luận vậy, hay là cạnh tranh không lại lên tro quán người ta ?",1625
30547,vn7244_90017,18-07-2020 13:48,4,Hơi lạt Đóng gói tốt Giá phải chăng,1625
30548,Tiên,7/7/2020 12:35,1,"Hủ tiếu bị cháy, cơm hội khói Không giống hình",1625
30549,Ẩn Danh,3/6/2020 18:47,1,Cháy đắng gần chết s mà an,1625
30550,duy16082015,30-05-2020 11:43,10,Đúng khẩu vị người hoa lun Ngon xỉu! Đóng gói tốt Giá phải chăng Thích: Hủ tiếu xào hải sản . Nuôi Xào Bò,1625
30551,Ẩn Danh,27-05-2020 21:01,1,Mực không tươi lắm a Phản hồi từ Quán: Quán sẽ khắc phục lại ạ ! Xin lỗi quý khách,1625
30552,Nean Shi,21-05-2020 15:18,1,Nhiều dầu mỡ,1625
30553,Thanh Liêm,14-05-2020 12:10,1,Mực bở hải sản ko tươi. Không giống hình,1625
30554,Cao Thoa,25-04-2020 22:22,1,Vị nem bị mặn quá,1625
30555,Tuyết Nhy,19-04-2020 09:36,1,Mì ngon nhưng mực không tươi lắm Thích: Mì gói xào hải sản,1625
30556,Lục Thanh Tú,17-04-2020 20:33,1,Đặt mì xào giòn hải sản. Quán lại làm mì gói xào hải sản. Sao có thể sai như vậy hả trời. Thiệt buồn. Sai/Thiếu món,1625
30557,imenguyen,9/4/2020 19:29,1,Món mỳ hải sản hơi lạt Cơm hơi mặn Các món còn lại ngon,1625
30558,Nhi Lê,23-01-2022 20:12,1,so với vị của mk thì mình thấy hơi mặn ạ. hơi k hạp khẩu vị mk lắm Không hợp khẩu vị,1625
30559,Ẩn Danh,23-01-2022 07:57,10,"Mi ngon, canh ngon, se tiep tuc ung ho quan minh nua trong tuong lai",1625
30560,foodee_8531xoth,22-01-2022 13:42,1,Cơm chiên mà ăn như cơm nấu bị sống bỏ vô chiên đã thế còn mặn không hài lòng tý nào Không giống hình Không làm đúng ghi chú,1625
30561,Ẩn Danh,21-01-2022 14:36,1,Bình thường mình hay order hủ tiếu xào của quán và trước dịch hay order cơm chiên. Nhưng không hiểu sao lần này quán làm cơm chiên quá dở không ngon như mọi hôm,1625
30562,Ẩn Danh,20-01-2022 12:36,10,Okkkkkkkkkkkkkkkkkkkkkkkkkkkkkkkkkkkkkkkkkkkk kkkkkkkkkkkkk OK!! Thích: Cơm Chiên Tôm,1625
30563,Huyền Khánh,19-01-2022 17:22,6,Đồ ăn nóng giao nhanh miến hơi ướt xào ko dc khô lần sau đổi món khác Ngon xỉu! Đóng gói tốt Giá phải chăng No căng bụng,1625
30564,lamxuanhien2410,18-01-2022 12:29,1,"Không cho dụng cụ ăn ( muỗng, đũa)",1625
30565,Jennie,16-01-2022 08:59,10,"Mình hay ăn hủ tiếu xào và cơm chiên ở đây. Quán làm ngon lắm nha, sạch sẽ nữa.",1625
30566,Mỹ Hằng,12/1/2022 19:10,10,Okkkkkkkkkkkkkkkkkkkkkkkkkkkkkkkkkkkkkkkkkkkk kkkkkkkkkkkkk OK!! Thích: Mì giòn xào hải sản,1625
30567,Thien Nguyen,12/1/2022 11:19,10,ngonnnnnnnnnnnnnnnnnnnnnnnnnnnnnnnnnnnnnnn nnnnnnnnn Ngon xỉu! Đóng gói tốt Giá phải chăng No căng bụng,1625
30568,C Trần Cường,11/5/2021 12:28,1,"Đóng gói không cản thận đổ tùm lum, đồ ăn mặn, kêu mì gói xào hải sản mực tôm bị hôi kiểu lâu ngày. Đóng gói chưa tốt Không vệ sinh/an toàn",1625
30569,Jessica Chang,4/5/2021 11:26,10,還不錯 價格也還可以 主要是可以外送到公司 份量如 果再多一點點會更棒 下次還是會在考慮跟他訂餐 Ngon xỉu! Thích: Hủ tiếu xào bò Cơm chiên bò xào cải Hủ tiếu xào thập cẩm,1625
30570,Thanh Thy Đỗ,2/5/2021 14:04,10,Ngon,1625
30571,phngtrinh6265,29-04-2021 22:00,6,Ăn tạm đc thôi.sdgggccfyhbbvhjjjbbbbbbbbjjjbbbbbbbbbbbb,1625
30572,Trần John,22-04-2021 19:46,1,Thức ăn cứng. Ko giống hình Không giống hình Thích: Nuôi Xào Hải Sản,1625
30573,yentrinh201,20-04-2021 11:56,10,"Shipper nhiệt tình, trời nắng mà vẫn đợi và vui vẻ. Đồ ăn giao nhanh",1625
30574,Thuận Nguyễn Minh,9/4/2021 11:50,4,"Ăn cũng được nhưng không có gì quá đặc biệt. Mong là sẽ có gì đậm vị hơn. Thích: Mì gói xào hải sản Trà Tắc,",1625
30575,Mỹ Di,6/4/2021 16:39,10,Okkkkkkkkkkkkkkkkkkkkkkkkkkkkkkkkkkkkkkkkkkkk kkkkkk Thích: Cơm chiên bò xào Canh Cải Thịt Bằm Cơm Chiên Tôm,1625
30576,Ẩn Danh,4/4/2021 10:40,10,Nnnnnnnnnnnnzjsjshdvsgjqvahdbbdhwjebsjdbdjdjbd henebsjsn ngon,1625
30577,Khuongdeptrai,31-03-2021 12:17,8,"Vừa ăn,ngon nhưng hơi ít đồ bởi",1625
30578,Ẩn Danh,30-03-2021 13:17,8,Cơm chiên hơi nhiều dầu nhưng ăn cũng ok,1625
30579,Ẩn Danh,30-03-2021 11:36,10,"Ngon skdkdjjabgKflagshjxjOzn,bgsbv bshzjz. z snJ. Goaohziwbsoe f. Diz bzoKzbzjznb | Trà sữa Trà trái cây Trà chanh Trà xanh Trà đào | Trà ô lông",1625
30580,Vanessa,29-03-2021 13:54,10,Okkkkkkkkkkkkkkkkkkkkkkghhsfjkda si góp đù ffhkfdfhjhffdjliuyevvmvklhhgfj,1625
30581,Ẩn Danh,14-03-2021 22:47,1,"Có con sâu trong rau. Lần sau mong bếp rửa rau kỉ hơn Phản hồi từ Quán: E ơi muốn gì e đt trực tiếp quán nha e, đừng phá quán a, để a bán nuôi vợ con a,e chụp hình ảnh lên là không phải quán a phục vụ e rồi, khách của a ăn quen nhìn sẽ biết,, quán hồi đó giờ chỉ xào cải thìa thôi không xào cải ngọt y như hình, cám on e,",1625
30582,Ẩn Danh,12/3/2021 21:59,10,"Món ngon, sạch sẽ, giá tôtd. Hình ảnh mang tính chất nhận xu. Hihi",1625
30583,Thùy Dung,1/3/2021 15:24,10,Đồ ăn ngon )))):):)):’djdkembdndkenendnxndjejjenebe bensnsnnn,1625
30584,Ẩn Danh,23-02-2021 14:58,10,NG00000000000000000000NN? NNNNNNNNNNNNNNNNNNNNNMMNNNN,1625
30585,foodee_lgfl0dy8,21-02-2021 12:01,1,Quán quá mất dạy. Bán rất là đắt phần đặt biệt thua Län 10L L,1625
